variant	original	relgfp
TGGTTGTCTGGTAAAAGCAC	TGGTTGTCTGGTAAAAGGAC	0.09083465325327911
TTTCATATGATCCGGATAAC	TTTCATGTGATCCGGATAAC	0.6986536876436008
CAGATTGTGTCGACAGTTAA	CAGATTGTGTCGACAGGTAA	0.5060185708332378
CAAACTCAAGAAGGAGCATG	CAAACTCAAGAAGGACCATG	0.7325771495706244
CAGTAGTGCATATAAATTTA	CAGTAGTGCAAATAAATTTA	0.573815577389989
CATCACTTTCACCCTCTCCA	CATCACCTTCACCCTCTCCA	1.0123471776276523
TCATGCCGTCTCATGTGATC	TCATGCCGTTTCATGTGATC	0.7920321332241707
CTGTACATGACCTTCGGGCA	CTGTACATAACCTTCGGGCA	1.073764709493375
TAGGAGTATTTTGTTGATAA	TTGGAGTATTTTGTTGATAA	0.739558470108975
ACAAGTGTTGGCCACCGAAC	ACAAGTGTTGGCCACGGAAC	0.7523688409052782
ATAAAGGTCTGCTAGTTGAA	ATAATGGTCTGCTAGTTGAA	0.5137967382963512
TCATGCCGTATCATGTGATC	TCATGCCGTTTCATGTGATC	0.8241199119039673
ATGTGGTCACGATTTTCGTT	ATGTGGTCACGCTTTTCGTT	0.38955503707610184
AAAGGACATATTGTGTCGAC	AAAGGACAGATTGTGTCGAC	0.8916985579786177
TGGTTGTCTGGTAATAGGAC	TGGTTGTCTGGTAAAAGGAC	0.9999973636222965
TTGCATGTGATCCGGATAAC	TTTCATGTGATCCGGATAAC	1.0739197859228025
CAGATTGTGGCGACAGGTAA	CAGATTGTGTCGACAGGTAA	0.9294267151967799
ATAATAGTCTGCTAGTTGAA	ATAATGGTCTGCTAGTTGAA	0.8793867026688641
TAACTCGATACGATTATCAA	TAACTCGATACGATTAACAA	0.546525195450685
GGAAAAGCATTGAACACCTT	GGAAAAGCATTGAACACCAT	0.38318877570486
CTGTACATTACCTTCGGGCA	CTGTACATAACCTTCGGGCA	0.9664921818345463
GGAAAAGCATTGATCACCAT	GGAAAAGCATTGAACACCAT	0.730539311617423
ATGTCGTCACGCTTTTCGTT	ATGTGGTCACGCTTTTCGTT	0.5983703391893039
TTGGAGTTTTTTGTTGATAA	TTGGAGTATTTTGTTGATAA	0.602061316103753
TTTCATGTGATCAGGATAAC	TTTCATGTGATCCGGATAAC	0.39287151882059423
CATGTGGTCACGCCTTTCGT	CATGTGGTCACGCTTTTCGT	0.4535094432384992
GTCGACCGGTAATGGTTGTC	GTCGACAGGTAATGGTTGTC	0.8445309534849188
GGAAAAGCATTGAACAACAT	GGAAAAGCATTGAACACCAT	0.8703416933571732
TGGTTGTCTCGTAAAAGGAC	TGGTTGTCTGGTAAAAGGAC	0.37554791304289403
CATCACCTTCCCCCTCTCCA	CATCACCTTCACCCTCTCCA	0.9432303121786373
CCATCTAATGCAACAAGAAT	CCATCTAATTCAACAAGAAT	0.493960934362108
CATCACCTTCACCCCCTCCA	CATCACCTTCACCCTCTCCA	0.7914562910330571
CAAACTCAAGAAGGACCACG	CAAACTCAAGAAGGACCATG	0.3300628251050133
TTGGAGTATTTTGATGATAA	TTGGAGTATTTTGTTGATAA	0.369121861679491
CATGTGGTCACGCTTTGCGT	CATGTGGTCACGCTTTTCGT	0.20279491640994574
AGTAGTGCGAATAAATTTAA	AGTAGTGCAAATAAATTTAA	1.0406361476250074
CAGTAGTACAAATAAATTTA	CAGTAGTGCAAATAAATTTA	0.5682430802311305
GGTTGTCTGGTAAAATGACA	GGTTGTCTGGTAAAAGGACA	0.4992152442764426
AAAGGAAAGATTGTGTCGAC	AAAGGACAGATTGTGTCGAC	0.8925237294988467
CATCACCTTCACCCTCTCGA	CATCACCTTCACCCTCTCCA	0.47243563640475705
GGTTGTCTGGTTAAAGGACA	GGTTGTCTGGTAAAAGGACA	0.8746133559655416
GTCGACAGGAAATGGTTGTC	GTCGACAGGTAATGGTTGTC	0.9686863847067783
CTGTACATAATCTTCGGGCA	CTGTACATAACCTTCGGGCA	1.007854876661558
GGTTGTCTGGTCAAAGGACA	GGTTGTCTGGTAAAAGGACA	0.9896824414893252
CCATGTAATTCAACAAGAAT	CCATCTAATTCAACAAGAAT	0.4396851784186787
CATCACCTTCTCCCTCTCCA	CATCACCTTCACCCTCTCCA	0.9564510380355561
GATTGTCTGGTAAAAGGACA	GGTTGTCTGGTAAAAGGACA	0.8226387289177369
GGCGACAGGTAATGGTTGTC	GTCGACAGGTAATGGTTGTC	0.9736224691018054
GCGTTCCTGAACATAACCTT	GCGTTCCTGTACATAACCTT	0.9455903766162419
TTTCGTTGGGATCTTTCGCA	TTTCGTTGGGATCTTTCGAA	0.04790676426654361
CATCACCTTCAGCCTCTCCA	CATCACCTTCACCCTCTCCA	1.0001011341765604
GGTAATGGTTTTCTGGTAAA	GGTAATGGTTGTCTGGTAAA	0.6850080288044151
GCGTTCCTGTACATAATCTT	GCGTTCCTGTACATAACCTT	0.9050137193516651
CATCTAATCCAACAAGAATT	CATCTAATTCAACAAGAATT	0.44961634782636195
CGGAACCATCTTCGACGTTG	CGGAACCATCTTCAACGTTG	0.6152157847170158
CTGTACATAACGTTCGGGCA	CTGTACATAACCTTCGGGCA	0.9565590478259186
ATAATGGTCTGCTAGTTGAG	ATAATGGTCTGCTAGTTGAA	0.35627532955805086
TTTCATGTGAGCCGGATAAC	TTTCATGTGATCCGGATAAC	0.800331196076996
GTAGTGACAAGTGTTGGCTA	GTAGTGACAAGTGTTGGCCA	0.3808463468061145
CGGTAGTGCAAATAAATTTA	CAGTAGTGCAAATAAATTTA	1.0082892513004573
GTTTCATGTGATCCGGCTAA	GTTTCATGTGATCCGGATAA	0.3775139407267093
TTGGAGTATTTTGTTGATAC	TTGGAGTATTTTGTTGATAA	-0.0327834062723702
GGAAAAGCATGGAACACCAT	GGAAAAGCATTGAACACCAT	0.99536157640372
GCGGTCCTGTACATAACCTT	GCGTTCCTGTACATAACCTT	1.034346332018887
CAGCTTGTGTCGACAGGTAA	CAGATTGTGTCGACAGGTAA	0.9309416689793477
AAAGGACAGATTGTGTCGCC	AAAGGACAGATTGTGTCGAC	0.36883047311261263
ATCTGGTCACGCTTTTCGTT	ATGTGGTCACGCTTTTCGTT	0.9363514168621654
ATAATGGCCTGCTAGTTGAA	ATAATGGTCTGCTAGTTGAA	0.9013032067855323
CGTTCCTGTACATAACCTCC	CGTTCCTGTACATAACCTTC	0.374866522600916
TCATGCTGTTTCATGTGATC	TCATGCCGTTTCATGTGATC	0.7901257173210154
CGGAACGATCTTCAACGTTG	CGGAACCATCTTCAACGTTG	0.5907710899627099
CGTTCCTGTACATTACCTTC	CGTTCCTGTACATAACCTTC	0.7695435903939063
AGGACAGGGCCATCGCCAGT	AGGACAGGGCCATCGCCAAT	0.39838648419188916
GTAGTGACAAGTGCTGGCCA	GTAGTGACAAGTGTTGGCCA	0.3260038901191308
GTCGACAGGTATTGGTTGTC	GTCGACAGGTAATGGTTGTC	0.7658386956160432
GGAAAAGCATTGGACACCAT	GGAAAAGCATTGAACACCAT	0.9895053428355504
TTGGAGTATTCTGTTGATAA	TTGGAGTATTTTGTTGATAA	0.457598088402427
GGTAATGGTTGTCCGGTAAA	GGTAATGGTTGTCTGGTAAA	0.7070331950955153
GGAAAAGCATTGAGCACCAT	GGAAAAGCATTGAACACCAT	0.9421546700666736
TTGGAGTCTTTTGTTGATAA	TTGGAGTATTTTGTTGATAA	0.699492967575869
ATGTGGTCATGCTTTTCGTT	ATGTGGTCACGCTTTTCGTT	0.828746590072286
CATGTGGTCACGCGTTTCGT	CATGTGGTCACGCTTTTCGT	0.2870366015603615
GACTTCAGCACGAGTCTTGT	GACTTCAGCACGCGTCTTGT	0.45453266180999297
GCGTTCCTGTACGTAACCTT	GCGTTCCTGTACATAACCTT	0.970150899758973
GACTTCAGCACGCGTATTGT	GACTTCAGCACGCGTCTTGT	0.3553228591910187
CGATCTAATTCAACAAGAAT	CCATCTAATTCAACAAGAAT	0.7616162182278196
ATAGTGGTCTGCTAGTTGAA	ATAATGGTCTGCTAGTTGAA	0.9740421455882422
GCATTCCTGTACATAACCTT	GCGTTCCTGTACATAACCTT	0.9622686897307574
GGTTGTCTGGTAAAAGGACT	GGTTGTCTGGTAAAAGGACA	0.2387158855893048
AGGACAGGGCCACCGCCAAT	AGGACAGGGCCATCGCCAAT	0.5733122608115785
GGTAATGGTCGTCTGGTAAA	GGTAATGGTTGTCTGGTAAA	0.9025183796491896
CGTTCCTGTGCATAACCTTC	CGTTCCTGTACATAACCTTC	0.9489495970502573
CATGTGGTCACGCTTTTCTT	CATGTGGTCACGCTTTTCGT	0.34225896890539875
GTTTCATGTGATCCGGACAA	GTTTCATGTGATCCGGATAA	0.40985737091841323
GTTTCATGTGATACGGATAA	GTTTCATGTGATCCGGATAA	0.46578293187306075
ATAATGGTCTGCTAGTTGGA	ATAATGGTCTGCTAGTTGAA	0.3860686174693947
ACATGCCGTTTCATGTGATC	TCATGCCGTTTCATGTGATC	0.9646793909511032
CAAACTCAAGAAGGACCAGG	CAAACTCAAGAAGGACCATG	0.7317411853992191
CATCACCTTCACCCTCTCCT	CATCACCTTCACCCTCTCCA	0.35610810319694775
TAACTCGATCCGATTAACAA	TAACTCGATACGATTAACAA	0.658667189478735
GTAGTGACAAGTGATGGCCA	GTAGTGACAAGTGTTGGCCA	0.9299241282788349
GTCGACAGGTGATGGTTGTC	GTCGACAGGTAATGGTTGTC	1.0098227183673827
AGTAGTGCAAATAAATGTAA	AGTAGTGCAAATAAATTTAA	0.492949979679136
GTTTCATGGGATCCGGATAA	GTTTCATGTGATCCGGATAA	1.0510334517063018
ACAAGTGTTGACCACGGAAC	ACAAGTGTTGGCCACGGAAC	0.8913582449854895
CGTTCCTGTACATAACCGTC	CGTTCCTGTACATAACCTTC	0.5141015186745315
GACTTCAGCACGCATCTTGT	GACTTCAGCACGCGTCTTGT	0.6352340160469223
CCTCACCTTCACCCTCTCCA	CATCACCTTCACCCTCTCCA	0.9665945922686304
GTTTCATGTCATCCGGATAA	GTTTCATGTGATCCGGATAA	0.742532459531556
GTCAGAGTCGTGACAAGTGT	GTCAGAGTAGTGACAAGTGT	0.9730968335969286
CGGAACCATCTTCAACGTCG	CGGAACCATCTTCAACGTTG	0.43483939104099467
CGTTCGTGTACATAACCTTC	CGTTCCTGTACATAACCTTC	0.874549107106583
CATCTAATTAAACAAGAATT	CATCTAATTCAACAAGAATT	0.3600455279840742
GGTTGTCTGCTAAAAGGACA	GGTTGTCTGGTAAAAGGACA	0.7155062806236547
GTTTCCTGTGATCCGGATAA	GTTTCATGTGATCCGGATAA	1.027687810690824
GTCGACTGGTAATGGTTGTC	GTCGACAGGTAATGGTTGTC	0.9715010195851136
AGTAGTGCATATAAATTTAA	AGTAGTGCAAATAAATTTAA	0.6469235491630718
GTCAGAGTAGTCACAAGTGT	GTCAGAGTAGTGACAAGTGT	0.6842101287247828
GTTCATGTGATCCGGATAAC	TTTCATGTGATCCGGATAAC	1.1067993245717742
CGTTCCTGTACATAAGCTTC	CGTTCCTGTACATAACCTTC	0.7081679885237415
CCATATAATTCAACAAGAAT	CCATCTAATTCAACAAGAAT	0.4208351460958043
CAGTAGTGCAAATAAATGTA	CAGTAGTGCAAATAAATTTA	0.4868451237589315
CGGATCCATCTTCAACGTTG	CGGAACCATCTTCAACGTTG	0.4508908560459942
TTTCGTTGGAATCTTTCGAA	TTTCGTTGGGATCTTTCGAA	0.5305780225662431
CAGATTGTGTCGACAGGGAA	CAGATTGTGTCGACAGGTAA	0.9064071262764308
AGTAGTGCAAATAAATTTGA	AGTAGTGCAAATAAATTTAA	0.45107540649211575
GTCGACAGTTAATGGTTGTC	GTCGACAGGTAATGGTTGTC	0.9464185325571881
AGTAGTGCAAACAAATTTAA	AGTAGTGCAAATAAATTTAA	0.5591236715888093
TAACTCGATACCATTAACAA	TAACTCGATACGATTAACAA	0.4400978866018138
CAGATTGTGTCTACAGGTAA	CAGATTGTGTCGACAGGTAA	0.7912028471733127
CAGATTGTGTCGCCAGGTAA	CAGATTGTGTCGACAGGTAA	0.8602247673305146
TCATGCCGTTTCATGTGCTC	TCATGCCGTTTCATGTGATC	0.3769067059151072
GTCATAGTAGTGACAAGTGT	GTCAGAGTAGTGACAAGTGT	0.8867898496420914
GTCAGAGTAGGGACAAGTGT	GTCAGAGTAGTGACAAGTGT	0.9219928498180717
TAACTCGATACGACTAACAA	TAACTCGATACGATTAACAA	0.5099923547332584
CGGAACCATCTTCATCGTTG	CGGAACCATCTTCAACGTTG	0.23142491568427548
CAGATTGTGCCGACAGGTAA	CAGATTGTGTCGACAGGTAA	0.8763199094271698
GAATTCAGCACGCGTCTTGT	GACTTCAGCACGCGTCTTGT	0.9538377560917668
CAAACTCAAGACGGACCATG	CAAACTCAAGAAGGACCATG	0.5436264378190043
GACTTCAGCCCGCGTCTTGT	GACTTCAGCACGCGTCTTGT	0.9043722892961978
CATGTGGTGACGCTTTTCGT	CATGTGGTCACGCTTTTCGT	0.6553747113082573
GTCAGAGTAGCGACAAGTGT	GTCAGAGTAGTGACAAGTGT	0.9401704916993913
TTTCGTTGGGATCTTCCGAA	TTTCGTTGGGATCTTTCGAA	-0.03164767625941223
ATAATGGTCTGCAAGTTGAA	ATAATGGTCTGCTAGTTGAA	0.557889329832691
CATGTGGTCACGCTTTTTGT	CATGTGGTCACGCTTTTCGT	0.37346037458264647
CGTTCCTGTACATGACCTTC	CGTTCCTGTACATAACCTTC	0.92066278295415
ATAATGGTCTGCTAGATGAA	ATAATGGTCTGCTAGTTGAA	0.9579892456514794
CGGAACCAACTTCAACGTTG	CGGAACCATCTTCAACGTTG	0.39577846272159856
TAACTCGATACGATTCACAA	TAACTCGATACGATTAACAA	0.44922207590048246
GGTTGTCTGGTAAAGGGACA	GGTTGTCTGGTAAAAGGACA	0.942089325792373
GGTAATGGTTGTCTAGTAAA	GGTAATGGTTGTCTGGTAAA	0.48629814050053854
GTCTGAGTAGTGACAAGTGT	GTCAGAGTAGTGACAAGTGT	0.880197755308669
CAAACTCAAGAAGGCCCATG	CAAACTCAAGAAGGACCATG	0.43824096864701845
GTCGACAGGTAATTGTTGTC	GTCGACAGGTAATGGTTGTC	0.4762169473270692
TGGTTGTCTGGTGAAAGGAC	TGGTTGTCTGGTAAAAGGAC	0.715126876603801
GTCAGAGTAGTGACATGTGT	GTCAGAGTAGTGACAAGTGT	0.6393365427925932
TGGTTGTCTGGTAACAGGAC	TGGTTGTCTGGTAAAAGGAC	0.5888812982517455
TAACTCGTTACGATTAACAA	TAACTCGATACGATTAACAA	0.6704352749334923
CGTTCCTGTACATAACATTC	CGTTCCTGTACATAACCTTC	0.8530975761852845
TTTCATGTGATCCGGATACC	TTTCATGTGATCCGGATAAC	0.3747077006703817
CGGAACCATCTTCAATGTTG	CGGAACCATCTTCAACGTTG	0.4012498912457726
GTTTCATGTGATCCGGAGAA	GTTTCATGTGATCCGGATAA	0.4057178929662344
AGGACAGGGCCATCGTCAAT	AGGACAGGGCCATCGCCAAT	0.2541954965058978
ATATGGTCACGCTTTTCGTT	ATGTGGTCACGCTTTTCGTT	0.8995298500945652
GGAAAAGGATTGAACACCAT	GGAAAAGCATTGAACACCAT	1.0423083947537997
GCGTTCCTGTATATAACCTT	GCGTTCCTGTACATAACCTT	0.9772578259656765
CCATCTAATTCAACAAGAAC	CCATCTAATTCAACAAGAAT	-0.0019020382035197514
TTTCATGTGATCCGGATAGC	TTTCATGTGATCCGGATAAC	0.31575121911645776
TAACTCGATACGATTAACAG	TAACTCGATACGATTAACAA	0.27461896593017876
CTGTACATAACCTTCGGGGA	CTGTACATAACCTTCGGGCA	0.5750469337052111
ACAAGTGTTGGACACGGAAC	ACAAGTGTTGGCCACGGAAC	0.7234429932622874
AGGACAGGGCCATCGGCAAT	AGGACAGGGCCATCGCCAAT	0.24843378958505102
GAAGGACAGATTGTGTCGAC	AAAGGACAGATTGTGTCGAC	0.8703220976586368
TAACTCGAGACGATTAACAA	TAACTCGATACGATTAACAA	0.900113682847593
GTCCACAGGTAATGGTTGTC	GTCGACAGGTAATGGTTGTC	0.9732634963700512
CATGTGGTCACGCTTTTGGT	CATGTGGTCACGCTTTTCGT	0.028889381891832322
TTGGAGTATTTTGTTGTTAA	TTGGAGTATTTTGTTGATAA	0.26678860573581875
AAAGGACAGCTTGTGTCGAC	AAAGGACAGATTGTGTCGAC	0.9865767165204933
CAGTAGTCCAAATAAATTTA	CAGTAGTGCAAATAAATTTA	0.518034625348105
GTCGACAGGTAAAGGTTGTC	GTCGACAGGTAATGGTTGTC	0.897731727194455
TCATGCCGTTTCATGTGTTC	TCATGCCGTTTCATGTGATC	0.8476265074011968
GTCGACAGGCAATGGTTGTC	GTCGACAGGTAATGGTTGTC	0.8570018532755632
CAGTAGTGTAAATAAATTTA	CAGTAGTGCAAATAAATTTA	0.8930413725739463
CCATCTAATTCACCAAGAAT	CCATCTAATTCAACAAGAAT	0.516191853451949
ACAAGGGTTGGCCACGGAAC	ACAAGTGTTGGCCACGGAAC	1.0135736360407144
CATGTGGTCACGCATTTCGT	CATGTGGTCACGCTTTTCGT	0.434157676695881
CATCTAATTCAACAATAATT	CATCTAATTCAACAAGAATT	0.29373348381880426
GTAGTGACGAGTGTTGGCCA	GTAGTGACAAGTGTTGGCCA	0.9060297453563794
CCATCTAATTCTACAAGAAT	CCATCTAATTCAACAAGAAT	0.47580170378456077
GTCGACAGGTTATGGTTGTC	GTCGACAGGTAATGGTTGTC	0.9837153700119033
GTAGTGACAAGTGTTGTCCA	GTAGTGACAAGTGTTGGCCA	0.2944933667760282
GTTTCATGTGCTCCGGATAA	GTTTCATGTGATCCGGATAA	0.6328669935479927
ACAAGTGCTGGCCACGGAAC	ACAAGTGTTGGCCACGGAAC	0.9393300426117842
GGTAATGGTTGTCTGGCAAA	GGTAATGGTTGTCTGGTAAA	0.38093734283552605
CATCACCTTCACCCTATCCA	CATCACCTTCACCCTCTCCA	0.6434078375802414
TCATGCGGTTTCATGTGATC	TCATGCCGTTTCATGTGATC	0.6248575895748669
TTGGAGTATTTTGTGGATAA	TTGGAGTATTTTGTTGATAA	0.2570429392277296
TTTCATGTGATTCGGATAAC	TTTCATGTGATCCGGATAAC	0.9730591963855973
AGGACAGGGCCAGCGCCAAT	AGGACAGGGCCATCGCCAAT	0.39349433722398675
AAAGGACAGATTGTGTCCAC	AAAGGACAGATTGTGTCGAC	0.0334954315266377
GGTAATGGTTGTCTGTTAAA	GGTAATGGTTGTCTGGTAAA	0.6538729555188212
CTTGTGGTCACGCTTTTCGT	CATGTGGTCACGCTTTTCGT	0.9319233176128416
GTCAGAATAGTGACAAGTGT	GTCAGAGTAGTGACAAGTGT	1.1486349600840717
ATGTGGTCACGCATTTCGTT	ATGTGGTCACGCTTTTCGTT	0.38075540172048195
GGACAAGCATTGAACACCAT	GGAAAAGCATTGAACACCAT	0.9708135245641117
TTGGAGTATTTTGCTGATAA	TTGGAGTATTTTGTTGATAA	0.418355088832008
CATCTAATTCAACAAGATTT	CATCTAATTCAACAAGAATT	0.494436391278789
GTTTCATATGATCCGGATAA	GTTTCATGTGATCCGGATAA	1.0127898058159603
AGTAGTGCAAATAACTTTAA	AGTAGTGCAAATAAATTTAA	0.41656058462230405
ATGTGGTCACGCGTTTCGTT	ATGTGGTCACGCTTTTCGTT	0.3762177002981161
TTTCGTTGGGATCTTGCGAA	TTTCGTTGGGATCTTTCGAA	-0.10599833608366005
CGTAACCATCTTCAACGTTG	CGGAACCATCTTCAACGTTG	0.5194960454922465
GGCAATGGTTGTCTGGTAAA	GGTAATGGTTGTCTGGTAAA	0.9402908037542315
CATCAAATTCAACAAGAATT	CATCTAATTCAACAAGAATT	0.7490957681754495
GACTTTAGCACGCGTCTTGT	GACTTCAGCACGCGTCTTGT	0.9838708013385103
CGTTCCTGGACATAACCTTC	CGTTCCTGTACATAACCTTC	0.924529831797847
AGAAGTGTTGGCCACGGAAC	ACAAGTGTTGGCCACGGAAC	0.92081438876107
TTGGAGTATTTTGTTCATAA	TTGGAGTATTTTGTTGATAA	0.09436004976269297
CCATCTAATTCAAGAAGAAT	CCATCTAATTCAACAAGAAT	0.3711348853627413
GACTTCAGCACGCTTCTTGT	GACTTCAGCACGCGTCTTGT	0.31392656780066297
CATCTAATTCTACAAGAATT	CATCTAATTCAACAAGAATT	0.3745109639221338
CTGTACATAACCTTCGCGCA	CTGTACATAACCTTCGGGCA	0.32499970401587697
GGTGATGGTTGTCTGGTAAA	GGTAATGGTTGTCTGGTAAA	1.0281972534565083
CGGAACCATCTTCAACGCTG	CGGAACCATCTTCAACGTTG	0.3715597109583013
CGGAACCATCTTCAAGGTTG	CGGAACCATCTTCAACGTTG	0.29369061791780604
ACAAGTGTTGGCCAAGGAAC	ACAAGTGTTGGCCACGGAAC	0.594209447631189
ACAAGTGTTGGCCACGCAAC	ACAAGTGTTGGCCACGGAAC	0.38173029778100664
CAGTAGTGCAATTAAATTTA	CAGTAGTGCAAATAAATTTA	0.608362940165465
CAAACTCAAGAATGACCATG	CAAACTCAAGAAGGACCATG	0.39551399356159167
AAAAGTGTTGGCCACGGAAC	ACAAGTGTTGGCCACGGAAC	0.9250817272040087
GTCGACAGGTAATGGCTGTC	GTCGACAGGTAATGGTTGTC	0.8824026189302268
AAAGGACAGAATGTGTCGAC	AAAGGACAGATTGTGTCGAC	0.7620687764068437
GCGTTCCTGTACATACCCTT	GCGTTCCTGTACATAACCTT	0.887979740931734
CGTACCTGTACATAACCTTC	CGTTCCTGTACATAACCTTC	0.9318269666064192
CATGTAATTCAACAAGAATT	CATCTAATTCAACAAGAATT	0.5866177829153862
CTGTACATAACCTTCGAGCA	CTGTACATAACCTTCGGGCA	0.6379765735172788
CATCACCCTCACCCTCTCCA	CATCACCTTCACCCTCTCCA	0.9330548517813864
ATGTGGTCACGGTTTTCGTT	ATGTGGTCACGCTTTTCGTT	0.8470348810251471
GTAGTGAAAAGTGTTGGCCA	GTAGTGACAAGTGTTGGCCA	0.9519483461341588
GTCGACAGATAATGGTTGTC	GTCGACAGGTAATGGTTGTC	0.9013277707509632
TGTAGTGCAAATAAATTTAA	AGTAGTGCAAATAAATTTAA	0.9466138573891221
GTTTCATTTGATCCGGATAA	GTTTCATGTGATCCGGATAA	0.8819559326863804
GACTGCAGCACGCGTCTTGT	GACTTCAGCACGCGTCTTGT	0.8816122703463477
AGTAGTGCAATTAAATTTAA	AGTAGTGCAAATAAATTTAA	0.863884774481042
CTGTACATAACCATCGGGCA	CTGTACATAACCTTCGGGCA	0.8574400306022395
AGGACGGGGCCATCGCCAAT	AGGACAGGGCCATCGCCAAT	0.47688874625619526
TCATGCCGTTTCATGTGATT	TCATGCCGTTTCATGTGATC	0.20972387026023498
CAAACTCAAGAAGGACCGTG	CAAACTCAAGAAGGACCATG	0.8982289292890624
CAGATAGTGTCGACAGGTAA	CAGATTGTGTCGACAGGTAA	0.9603948116600867
GCGTTCCTGTACATAACCCT	GCGTTCCTGTACATAACCTT	0.3576251029655645
CAAACTCATGAAGGACCATG	CAAACTCAAGAAGGACCATG	0.8240459930814646
CAGATTGTGTTGACAGGTAA	CAGATTGTGTCGACAGGTAA	0.9377375117034216
GCGTTCCTGTACATATCCTT	GCGTTCCTGTACATAACCTT	0.9007544451245102
TTGGTGTATTTTGTTGATAA	TTGGAGTATTTTGTTGATAA	0.32975135585436477
CAGATTATGTCGACAGGTAA	CAGATTGTGTCGACAGGTAA	0.9347295982361031
GGTAATGGTTGGCTGGTAAA	GGTAATGGTTGTCTGGTAAA	0.9422509825755435
GGTAATGGTTGTCTGGTAAG	GGTAATGGTTGTCTGGTAAA	0.2953178360810512
TCATGCCGTTTCATGTGATG	TCATGCCGTTTCATGTGATC	0.2661463392107596
CATCACCTACACCCTCTCCA	CATCACCTTCACCCTCTCCA	0.951190718030243
GGTAATGGTTGTCTGGTATA	GGTAATGGTTGTCTGGTAAA	0.37038774374239103
TGGTTGTCTGGTATAAGGAC	TGGTTGTCTGGTAAAAGGAC	0.9119947156455981
TTTCGTTGGGTTCTTTCGAA	TTTCGTTGGGATCTTTCGAA	0.7255761761978716
CGGAACCATCTGCAACGTTG	CGGAACCATCTTCAACGTTG	0.37497500121527494
ATGTGGTCACGCTCTTCGTT	ATGTGGTCACGCTTTTCGTT	0.40033785950346723
GTCGACAGGTAATGGTTGTG	GTCGACAGGTAATGGTTGTC	0.35024631949557006
TGGTTGTCTGTTAAAAGGAC	TGGTTGTCTGGTAAAAGGAC	0.558443605355635
GGAAAAGCATTTAACACCAT	GGAAAAGCATTGAACACCAT	0.7077197917967638
TCATGCCGTTTGATGTGATC	TCATGCCGTTTCATGTGATC	0.8948783315475177
ATAATGGTCTGCTGGTTGAA	ATAATGGTCTGCTAGTTGAA	0.6821945155200475
ACAGGACAGATTGTGTCGAC	AAAGGACAGATTGTGTCGAC	0.9626862293866519
GCGTTCCTGTAAATAACCTT	GCGTTCCTGTACATAACCTT	0.8818470256055835
GTCAGAGTAGTGACTAGTGT	GTCAGAGTAGTGACAAGTGT	0.8019720786440748
GGAAAAGTATTGAACACCAT	GGAAAAGCATTGAACACCAT	0.953827583724212
GTTTCATGTGAACCGGATAA	GTTTCATGTGATCCGGATAA	0.7135206785364541
GTAGTGACAAGGGTTGGCCA	GTAGTGACAAGTGTTGGCCA	0.4453869191862325
CATCTAATTCAACAAGAAAT	CATCTAATTCAACAAGAATT	0.4205999740924228
CGGAACCATCTTCAACATTG	CGGAACCATCTTCAACGTTG	0.5269218219520362
CCATCTAATTCAACAGGAAT	CCATCTAATTCAACAAGAAT	0.6066634019986452
CATCTAATTCAACAAGAATA	CATCTAATTCAACAAGAATT	0.38923597382276376
TGGTTGTCTGGTAAAGGGAC	TGGTTGTCTGGTAAAAGGAC	0.5937023022004011
GGAAAAGCATTGAACACCCT	GGAAAAGCATTGAACACCAT	0.3569042600336523
ACAAGTGTTGGCCACGGTAC	ACAAGTGTTGGCCACGGAAC	0.9644284329262076
GACTTGAGCACGCGTCTTGT	GACTTCAGCACGCGTCTTGT	1.0395034627427298
GGGACAGGGCCATCGCCAAT	AGGACAGGGCCATCGCCAAT	1.147690448615354
GTCAGAGTAGTGACAGGTGT	GTCAGAGTAGTGACAAGTGT	0.8883509581283249
GTCGACAGGTAATGGTTGCC	GTCGACAGGTAATGGTTGTC	0.6173556564578284
GGAAAAGCATTGTACACCAT	GGAAAAGCATTGAACACCAT	0.9294742013511971
TTGGGGTATTTTGTTGATAA	TTGGAGTATTTTGTTGATAA	0.4593209921886394
AAAGGACAGATAGTGTCGAC	AAAGGACAGATTGTGTCGAC	0.6080018021806143
CCTTCTAATTCAACAAGAAT	CCATCTAATTCAACAAGAAT	0.5349607959638696
GTCGACAGGTAATGCTTGTC	GTCGACAGGTAATGGTTGTC	0.30899069486549835
TTTCGTTGGGATCTGTCGAA	TTTCGTTGGGATCTTTCGAA	5.89025119404063e-05
TCATGCCGGTTCATGTGATC	TCATGCCGTTTCATGTGATC	1.0363801336545984
GTTTCATGTGGTCCGGATAA	GTTTCATGTGATCCGGATAA	0.9619981658071689
CTGTACATAACCGTCGGGCA	CTGTACATAACCTTCGGGCA	0.9385779795917619
ATGTGGTCTCGCTTTTCGTT	ATGTGGTCACGCTTTTCGTT	0.982520066062812
GTCAGAGTAGTGGCAAGTGT	GTCAGAGTAGTGACAAGTGT	1.1109181271279824
CCATCTAATACAACAAGAAT	CCATCTAATTCAACAAGAAT	0.4758930606103322
CGTTCCTGTCCATAACCTTC	CGTTCCTGTACATAACCTTC	0.88656566330396
CATGTGGTCACGCTATTCGT	CATGTGGTCACGCTTTTCGT	0.3258786424493473
GGAAAAGCATAGAACACCAT	GGAAAAGCATTGAACACCAT	0.8385175080453215
CGCTCCTGTACATAACCTTC	CGTTCCTGTACATAACCTTC	0.9309813168472387
ATGTGGTCACGCTTTCCGTT	ATGTGGTCACGCTTTTCGTT	0.3800700869506066
CCGTACATAACCTTCGGGCA	CTGTACATAACCTTCGGGCA	0.9908925186652442
TGAAAAGCATTGAACACCAT	GGAAAAGCATTGAACACCAT	0.9219299317250855
TCGTTCCTGTACATAACCTT	GCGTTCCTGTACATAACCTT	0.9831121817743583
GTAGTGACAAGCGTTGGCCA	GTAGTGACAAGTGTTGGCCA	0.9758207038751775
AGGACAGGGCCATCGCGAAT	AGGACAGGGCCATCGCCAAT	0.438635337599384
GCGTTCCTGTACATAACTTT	GCGTTCCTGTACATAACCTT	0.6863089885970556
CGTTCCTGTACAAAACCTTC	CGTTCCTGTACATAACCTTC	0.6553540504763568
CTGTGGTCACGCTTTTCGTT	ATGTGGTCACGCTTTTCGTT	0.9882889154222664
TTGGAGTATTTTGTTGATCA	TTGGAGTATTTTGTTGATAA	0.09275308479359701
TGGTTGTATGGTAAAAGGAC	TGGTTGTCTGGTAAAAGGAC	1.0136762014022769
AAAGGACAGATTGTGTCGTC	AAAGGACAGATTGTGTCGAC	0.324472454039323
TGACTCGATACGATTAACAA	TAACTCGATACGATTAACAA	1.1162936343745107
TCATGCCGTTTCATTTGATC	TCATGCCGTTTCATGTGATC	0.07498313547154933
CATCTAACTCAACAAGAATT	CATCTAATTCAACAAGAATT	0.5321895564912182
GGTTGTCTGGTAAAAGAACA	GGTTGTCTGGTAAAAGGACA	0.4448921655150325
GGTTCTCTGGTAAAAGGACA	GGTTGTCTGGTAAAAGGACA	0.8246342688823309
AGTAGTGCAAATATATTTAA	AGTAGTGCAAATAAATTTAA	0.544646913840557
CATTTGGTCACGCTTTTCGT	CATGTGGTCACGCTTTTCGT	0.9153997177032963
CAGTAGTGCAAATAAATTGA	CAGTAGTGCAAATAAATTTA	0.45382981696762537
GGTTGTCTGGTAAATGGACA	GGTTGTCTGGTAAAAGGACA	0.9108905640878628
GTTTCATGTTATCCGGATAA	GTTTCATGTGATCCGGATAA	0.8603064899117733
GGTAAGGGTTGTCTGGTAAA	GGTAATGGTTGTCTGGTAAA	1.0633930590580492
GGAAAATCATTGAACACCAT	GGAAAAGCATTGAACACCAT	0.7006616736512338
CTGTACATAACCTTCTGGCA	CTGTACATAACCTTCGGGCA	1.0102556836043044
GCGTTCCTCTACATAACCTT	GCGTTCCTGTACATAACCTT	0.9663080761717748
TTTCGTTGGGATCTTTCGGA	TTTCGTTGGGATCTTTCGAA	0.3605851923359481
CATGTGGTCACACTTTTCGT	CATGTGGTCACGCTTTTCGT	0.4964842784442345
CGTTCCTGTACAGAACCTTC	CGTTCCTGTACATAACCTTC	0.6530532529260342
TGGTTGTCGGGTAAAAGGAC	TGGTTGTCTGGTAAAAGGAC	0.972611716086122
ACAAGTGTTGGCCACTGAAC	ACAAGTGTTGGCCACGGAAC	0.8927937572236749
CTGTACGTAACCTTCGGGCA	CTGTACATAACCTTCGGGCA	0.8187060292638156
ATGTGGTCACGCTTTTCGTG	ATGTGGTCACGCTTTTCGTT	0.35313472551962577
GTCAGAGTAGTGACAATTGT	GTCAGAGTAGTGACAAGTGT	0.36244743394125944
GGTTGTCTGATAAAAGGACA	GGTTGTCTGGTAAAAGGACA	0.9616866646043625
TTTCGTTGGGATTTTTCGAA	TTTCGTTGGGATCTTTCGAA	0.4986345554930953
TCCTGCCGTTTCATGTGATC	TCATGCCGTTTCATGTGATC	0.9489736371671307
TTCCATGTGATCCGGATAAC	TTTCATGTGATCCGGATAAC	1.1346944704514512
CAGATTGTGTCAACAGGTAA	CAGATTGTGTCGACAGGTAA	0.6044045069663126
GTTTCATGTGATCCTGATAA	GTTTCATGTGATCCGGATAA	0.24999448467030017
CTGTACATAACCTTCGGGCT	CTGTACATAACCTTCGGGCA	0.35830133471123227
GTCAGAGTAGTTACAAGTGT	GTCAGAGTAGTGACAAGTGT	0.8022209104139959
ATGTGGTCACGCTTCTCGTT	ATGTGGTCACGCTTTTCGTT	0.12593766621037805
AGTAGTGCAAATAAATTTCA	AGTAGTGCAAATAAATTTAA	0.2727668015025835
GACTTCAGCACGCGTCTTCT	GACTTCAGCACGCGTCTTGT	0.07830239244519777
TCATGCCGTTTCAGGTGATC	TCATGCCGTTTCATGTGATC	0.5114637163429985
CTGTACATAACATTCGGGCA	CTGTACATAACCTTCGGGCA	0.8541331099455409
CATCTAATTCAACAAAAATT	CATCTAATTCAACAAGAATT	0.21845394018457842
ATGTGGTCACCCTTTTCGTT	ATGTGGTCACGCTTTTCGTT	0.35914944477482724
ATAATGGTCGGCTAGTTGAA	ATAATGGTCTGCTAGTTGAA	0.9589473519554537
TGGGAGTATTTTGTTGATAA	TTGGAGTATTTTGTTGATAA	0.7947241429195313
TTTCGTTGCGATCTTTCGAA	TTTCGTTGGGATCTTTCGAA	0.43586406765076335
AAAGGACACATTGTGTCGAC	AAAGGACAGATTGTGTCGAC	0.8550774602915228
ACTAGTGCAAATAAATTTAA	AGTAGTGCAAATAAATTTAA	0.5841784058328555
CGGACCCATCTTCAACGTTG	CGGAACCATCTTCAACGTTG	0.5516306799047083
CAGGTGGTCACGCTTTTCGT	CATGTGGTCACGCTTTTCGT	0.9719511781056317
CACACTCAAGAAGGACCATG	CAAACTCAAGAAGGACCATG	0.8927024079559662
CATGTGGCCACGCTTTTCGT	CATGTGGTCACGCTTTTCGT	0.7687673286606862
GTCGACAGGTAATGGTAGTC	GTCGACAGGTAATGGTTGTC	0.8755468524269647
GTAGTGACAAGTGTTGCCCA	GTAGTGACAAGTGTTGGCCA	0.1794674877136304
AAAGGACAGATCGTGTCGAC	AAAGGACAGATTGTGTCGAC	0.806491628211881
GACTTCAGCACGCGTCTTTT	GACTTCAGCACGCGTCTTGT	0.18031349352258352
CATCTAATTCAACAAGAAGT	CATCTAATTCAACAAGAATT	0.40621807085885564
CATCTAATTGAACAAGAATT	CATCTAATTCAACAAGAATT	0.4367821538500265
CAGATTGTGTCGACAAGTAA	CAGATTGTGTCGACAGGTAA	0.4103147506567968
AAAGGACAGATTGCGTCGAC	AAAGGACAGATTGTGTCGAC	0.4932970530292857
GTAGTGTCAAGTGTTGGCCA	GTAGTGACAAGTGTTGGCCA	1.0147788603718173
CATCTAATTCAGCAAGAATT	CATCTAATTCAACAAGAATT	0.885465651832781
CAGATTGGGTCGACAGGTAA	CAGATTGTGTCGACAGGTAA	0.9908037623493342
TAACTCGGTACGATTAACAA	TAACTCGATACGATTAACAA	0.7838629866534839
CGAACTCAAGAAGGACCATG	CAAACTCAAGAAGGACCATG	1.053217614000373
GTCAGAGTAGTGACAAGCGT	GTCAGAGTAGTGACAAGTGT	0.5147741635624793
ATGTGGTCACGCTTTTCGTA	ATGTGGTCACGCTTTTCGTT	0.22575715430805854
CAGAACCATCTTCAACGTTG	CGGAACCATCTTCAACGTTG	0.7698270812448504
CCATCTAATTCAACAAGAAG	CCATCTAATTCAACAAGAAT	0.062152395467915955
ACAAGTGTTTGCCACGGAAC	ACAAGTGTTGGCCACGGAAC	0.931054397270758
GTAGTGCCAAGTGTTGGCCA	GTAGTGACAAGTGTTGGCCA	0.7885174515328683
CAGACTCAAGAAGGACCATG	CAAACTCAAGAAGGACCATG	1.0730475093930412
GTAGTGACAAGTCTTGGCCA	GTAGTGACAAGTGTTGGCCA	0.5599590730902879
ATGTGGTAACGCTTTTCGTT	ATGTGGTCACGCTTTTCGTT	0.7192817062184117
ACAAGTGTTGGCCACGGATC	ACAAGTGTTGGCCACGGAAC	0.3666791261177025
AAAGGACAGAGTGTGTCGAC	AAAGGACAGATTGTGTCGAC	0.9466485451517496
CATCACCTTCACCCTCTCCC	CATCACCTTCACCCTCTCCA	0.3489638021391517
GGAAAAGCATTGAACGCCAT	GGAAAAGCATTGAACACCAT	0.9781518947016341
GGTTGTCTGGTACAAGGACA	GGTTGTCTGGTAAAAGGACA	0.940111738082347
AAAGGACAGATTCTGTCGAC	AAAGGACAGATTGTGTCGAC	0.21055283971474703
GGAAAAGCATTGAACCCCAT	GGAAAAGCATTGAACACCAT	0.9231634567441075
TTGGAGTATATTGTTGATAA	TTGGAGTATTTTGTTGATAA	0.41952471118894274
GGTTGTATGGTAAAAGGACA	GGTTGTCTGGTAAAAGGACA	0.9504876161940051
CAGTAGTGCAAATAAAGTTA	CAGTAGTGCAAATAAATTTA	0.485641405354894
ACAAGTGTTGGCCGCGGAAC	ACAAGTGTTGGCCACGGAAC	0.9743526794742887
TTTCGTTGGGATCTTTCGAC	TTTCGTTGGGATCTTTCGAA	0.09639123594662602
AAAGGACGGATTGTGTCGAC	AAAGGACAGATTGTGTCGAC	0.968510810678021
TTTCATGTGATCCGGATTAC	TTTCATGTGATCCGGATAAC	0.5853201593365087
ATGTGGTCACGCTTATCGTT	ATGTGGTCACGCTTTTCGTT	0.18998284287045752
TAACTCGATACGATAAACAA	TAACTCGATACGATTAACAA	0.4578326116395355
CAAACTCAACAAGGACCATG	CAAACTCAAGAAGGACCATG	0.42568166659997053
TTTCATCTGATCCGGATAAC	TTTCATGTGATCCGGATAAC	0.8596444046232568
TGGTAGTCTGGTAAAAGGAC	TGGTTGTCTGGTAAAAGGAC	1.0903152678888992
GGTTATCTGGTAAAAGGACA	GGTTGTCTGGTAAAAGGACA	0.9187880742311413
GTCGACAGGTACTGGTTGTC	GTCGACAGGTAATGGTTGTC	0.9282812657867815
CATCACATTCACCCTCTCCA	CATCACCTTCACCCTCTCCA	1.012674020547827
CGTTGTCTGGTAAAAGGACA	GGTTGTCTGGTAAAAGGACA	0.9160694732901146
TAACTCGATACAATTAACAA	TAACTCGATACGATTAACAA	0.411209861925256
TTTCGTTGGGATCATTCGAA	TTTCGTTGGGATCTTTCGAA	0.14507715089200668
CATCTAAGTCAACAAGAATT	CATCTAATTCAACAAGAATT	0.6096831343123895
CATTAGTGCAAATAAATTTA	CAGTAGTGCAAATAAATTTA	0.6934502552976181
GCGTTCCTGTGCATAACCTT	GCGTTCCTGTACATAACCTT	1.009621197491155
CAGAGTGTGTCGACAGGTAA	CAGATTGTGTCGACAGGTAA	1.0606226381334949
AGCAGTGCAAATAAATTTAA	AGTAGTGCAAATAAATTTAA	0.6985340610803225
CTGTACATAACCTACGGGCA	CTGTACATAACCTTCGGGCA	0.7833332932887067
GGTAATGGTTGTCTGATAAA	GGTAATGGTTGTCTGGTAAA	0.3821227249166913
TTTCATGTGATCCGGAGAAC	TTTCATGTGATCCGGATAAC	0.6963687736542175
TCATGCCGTTTCATATGATC	TCATGCCGTTTCATGTGATC	0.47049784702852304
CAGTAGTGCACATAAATTTA	CAGTAGTGCAAATAAATTTA	0.49046493946375247
ATAATGGTCTGCTAGTTGAC	ATAATGGTCTGCTAGTTGAA	0.20010906797195427
ATGTGGTCACGCTTTTCGTC	ATGTGGTCACGCTTTTCGTT	-0.0010984013644108614
CATCACCTTCACCCTCTTCA	CATCACCTTCACCCTCTCCA	1.0155913469023095
CGTTCCTGTACACAACCTTC	CGTTCCTGTACATAACCTTC	0.907301546344204
TCATGCCGTTTCACGTGATC	TCATGCCGTTTCATGTGATC	0.2607215959265382
ATGTGGTCAAGCTTTTCGTT	ATGTGGTCACGCTTTTCGTT	0.8598411825409087
GTCAGAGTAGTGACAAGGGT	GTCAGAGTAGTGACAAGTGT	0.5447177652644515
GTTTCATGTGATCCGTATAA	GTTTCATGTGATCCGGATAA	0.3283381691716185
AGGACAGGGCGATCGCCAAT	AGGACAGGGCCATCGCCAAT	0.6739108138090948
TGGTTGTCTAGTAAAAGGAC	TGGTTGTCTGGTAAAAGGAC	1.0008344683117556
TGGTTGTCTGGTAAGAGGAC	TGGTTGTCTGGTAAAAGGAC	0.6109465007464524
CTGTACATAAGCTTCGGGCA	CTGTACATAACCTTCGGGCA	0.9629869240097898
ACAAGTGTTGTCCACGGAAC	ACAAGTGTTGGCCACGGAAC	0.825935438674205
TAACTCGATAGGATTAACAA	TAACTCGATACGATTAACAA	0.7107326558581933
TCATGCCGTTTCATGTTATC	TCATGCCGTTTCATGTGATC	0.3540872808741088
GTCAGAGTACTGACAAGTGT	GTCAGAGTAGTGACAAGTGT	0.5957216863264689
CGTCTAATTCAACAAGAATT	CATCTAATTCAACAAGAATT	0.9943122842824419
GTTTCATGTGATCCGGATAT	GTTTCATGTGATCCGGATAA	0.23166300479042878
TCATACCGTTTCATGTGATC	TCATGCCGTTTCATGTGATC	0.70121461002262
ACAAGTGTTGGCCACGGAAA	ACAAGTGTTGGCCACGGAAC	0.12753711282621893
GGAAAAGCATTGAACAGCAT	GGAAAAGCATTGAACACCAT	0.9219114620558224
GACTTCAGAACGCGTCTTGT	GACTTCAGCACGCGTCTTGT	0.9244939656376497
GTCAGAGTAGTGACAAGTGG	GTCAGAGTAGTGACAAGTGT	0.08355609701661759
CCATCTAACTCAACAAGAAT	CCATCTAATTCAACAAGAAT	0.5149318103008608
CCATCTAAGTCAACAAGAAT	CCATCTAATTCAACAAGAAT	0.6026190221433132
AAAGGACAGACTGTGTCGAC	AAAGGACAGATTGTGTCGAC	0.9054671411617311
GTCAGCGTAGTGACAAGTGT	GTCAGAGTAGTGACAAGTGT	0.9413487199049432
CATCTAATTCAAGAAGAATT	CATCTAATTCAACAAGAATT	0.32774160448775447
GACTTCAGCACTCGTCTTGT	GACTTCAGCACGCGTCTTGT	0.6534151037371516
GTTTCATGTGATCCGGATCA	GTTTCATGTGATCCGGATAA	0.3327621226758828
CGGAACCATATTCAACGTTG	CGGAACCATCTTCAACGTTG	0.5170036038403517
CACGTGGTCACGCTTTTCGT	CATGTGGTCACGCTTTTCGT	0.9029289128896887
TTGGAGTATTTTGTTGATAT	TTGGAGTATTTTGTTGATAA	0.060314341821793516
AGTAGTGCAAATAAGTTTAA	AGTAGTGCAAATAAATTTAA	0.5486908041392422
AAAGGACAGATTGTGTCAAC	AAAGGACAGATTGTGTCGAC	0.47565875433079974
AGTGGTGCAAATAAATTTAA	AGTAGTGCAAATAAATTTAA	1.0451138736658085
TCATGCCGTTTAATGTGATC	TCATGCCGTTTCATGTGATC	0.3031295494241779
GGAAAAGCATTGAACACCAG	GGAAAAGCATTGAACACCAT	0.20801404310017846
GGTAATGGTTGTTTGGTAAA	GGTAATGGTTGTCTGGTAAA	0.942956757877473
GTAGTGACCAGTGTTGGCCA	GTAGTGACAAGTGTTGGCCA	0.8891008825935856
TTGGAGTACTTTGTTGATAA	TTGGAGTATTTTGTTGATAA	0.469612777377884
GCTTTCCTGTACATAACCTT	GCGTTCCTGTACATAACCTT	1.0101490935007706
ATAATGGTCTGCTAGTTAAA	ATAATGGTCTGCTAGTTGAA	0.38507994309837246
CATCTAATGCAACAAGAATT	CATCTAATTCAACAAGAATT	0.5358833825884387
TTTCGTGTGATCCGGATAAC	TTTCATGTGATCCGGATAAC	1.114089768779329
GGTAATGGTTGTCTGGTCAA	GGTAATGGTTGTCTGGTAAA	0.34522812619145316
CAGTAGTGCAAATTAATTTA	CAGTAGTGCAAATAAATTTA	0.49189318325001297
CCATCTAATTCAGCAAGAAT	CCATCTAATTCAACAAGAAT	0.6593105691926305
CGTTCCTGTAAATAACCTTC	CGTTCCTGTACATAACCTTC	0.5687049091868173
CAGATTGTGTCGACAGCTAA	CAGATTGTGTCGACAGGTAA	0.3661541890150045
CGGAACCATCTTGAACGTTG	CGGAACCATCTTCAACGTTG	0.298929500446967
CAAACTCAAGAAGGACGATG	CAAACTCAAGAAGGACCATG	0.7318677430843256
ACAAGTGTTGGCCACGGAAT	ACAAGTGTTGGCCACGGAAC	0.2293625747015089
TAACCCGATACGATTAACAA	TAACTCGATACGATTAACAA	0.5114372970597555
CAGTAGTGCAGATAAATTTA	CAGTAGTGCAAATAAATTTA	0.9881511156267159
GACTTCAGCACGCGTCTTGG	GACTTCAGCACGCGTCTTGT	0.25520838235090126
CATCACCTTCACCGTCTCCA	CATCACCTTCACCCTCTCCA	0.9686379865733104
CATGTGGTCACGCTTTTAGT	CATGTGGTCACGCTTTTCGT	0.05967544913874179
AGTAGTGCAAATAAATTTAC	AGTAGTGCAAATAAATTTAA	0.2358286283568527
GGAAAAGCATTGAACATCAT	GGAAAAGCATTGAACACCAT	0.48117127827542816
AGTAGTGCACATAAATTTAA	AGTAGTGCAAATAAATTTAA	0.7399706594491737
TGTCATGTGATCCGGATAAC	TTTCATGTGATCCGGATAAC	1.0953374397020619
ACAAGTGTTGGCCACAGAAC	ACAAGTGTTGGCCACGGAAC	0.6784983552505368
CGGAACCATGTTCAACGTTG	CGGAACCATCTTCAACGTTG	0.6276282508706363
CCATCTAATTCAACAAGCAT	CCATCTAATTCAACAAGAAT	0.36024810847408617
CACTTCAGCACGCGTCTTGT	GACTTCAGCACGCGTCTTGT	1.023178509733051
GTCAGAGTATTGACAAGTGT	GTCAGAGTAGTGACAAGTGT	0.8054662792874854
GGTAATGATTGTCTGGTAAA	GGTAATGGTTGTCTGGTAAA	0.9656091585882879
TCATGCCGTTTCCTGTGATC	TCATGCCGTTTCATGTGATC	0.8082300316823133
TCATGCCGCTTCATGTGATC	TCATGCCGTTTCATGTGATC	0.9737401765077318
GTCGGAGTAGTGACAAGTGT	GTCAGAGTAGTGACAAGTGT	1.028524317487331
ATAATGGTCTGCTCGTTGAA	ATAATGGTCTGCTAGTTGAA	0.5470011429357176
CAGTAGTGCAAATAAATTTG	CAGTAGTGCAAATAAATTTA	0.487078436862283
GTAGTGACATGTGTTGGCCA	GTAGTGACAAGTGTTGGCCA	0.9050269970594652
CGGAACCATCTTCAACGTTT	CGGAACCATCTTCAACGTTG	0.2592911900601783
GTAGTGACAAGTGTTGACCA	GTAGTGACAAGTGTTGGCCA	0.37180944385368897
AAAGGACAGATTGAGTCGAC	AAAGGACAGATTGTGTCGAC	0.43680158275956626
ATGTTGTCACGCTTTTCGTT	ATGTGGTCACGCTTTTCGTT	0.5445226006277148
TGGTTGTCTGGGAAAAGGAC	TGGTTGTCTGGTAAAAGGAC	0.8408026069531865
CAGTAGTGCAAATAAATTAA	CAGTAGTGCAAATAAATTTA	0.485753444448757
GTAGTCACAAGTGTTGGCCA	GTAGTGACAAGTGTTGGCCA	0.9792257243821977
CCATCTAATTGAACAAGAAT	CCATCTAATTCAACAAGAAT	0.46090899556651577
AGGACAGGGCCATCGCTAAT	AGGACAGGGCCATCGCCAAT	0.48333210796292514
CAGTAGAGCAAATAAATTTA	CAGTAGTGCAAATAAATTTA	0.8972351487707667
GGTAATGGTTGTCTGCTAAA	GGTAATGGTTGTCTGGTAAA	0.4421759991446137
GTAGTGACACGTGTTGGCCA	GTAGTGACAAGTGTTGGCCA	0.8927064255097742
AGCACAGGGCCATCGCCAAT	AGGACAGGGCCATCGCCAAT	0.7369176692431455
CAAACTCAAGAACGACCATG	CAAACTCAAGAAGGACCATG	0.37306475951622176
CCATCTAATTCAACAATAAT	CCATCTAATTCAACAAGAAT	0.15280061570416914
CAGTAGTGCAAACAAATTTA	CAGTAGTGCAAATAAATTTA	0.601927734607145
GTCGACATGTAATGGTTGTC	GTCGACAGGTAATGGTTGTC	0.856550733621208
GTAGTGACAGGTGTTGGCCA	GTAGTGACAAGTGTTGGCCA	1.0010796188413522
CAGATTGTGTAGACAGGTAA	CAGATTGTGTCGACAGGTAA	0.48289455782422075
CCATCTAATTCAACAAGGAT	CCATCTAATTCAACAAGAAT	0.7516421886228986
GACTTCAGTACGCGTCTTGT	GACTTCAGCACGCGTCTTGT	0.9278239809776488
TAACTCGATAAGATTAACAA	TAACTCGATACGATTAACAA	0.45050965937919996
GCGTTCCTGTACATCACCTT	GCGTTCCTGTACATAACCTT	0.4291200154604232
ATAATGGTCTGCTAGTTTAA	ATAATGGTCTGCTAGTTGAA	0.36308645328218525
AGGACAGGGCCATCGCCTAT	AGGACAGGGCCATCGCCAAT	0.40469495484296103
CCATCTAAATCAACAAGAAT	CCATCTAATTCAACAAGAAT	0.5218662952643836
TTTCATGTGATCCGTATAAC	TTTCATGTGATCCGGATAAC	0.4127165608718405
ATAATGGTCTGATAGTTGAA	ATAATGGTCTGCTAGTTGAA	0.7650857419959662
GGTTGTCTGGTAAAAGGTCA	GGTTGTCTGGTAAAAGGACA	0.8140664109962991
GCGTTCCTGTACATAACCAT	GCGTTCCTGTACATAACCTT	0.3207636161064942
TTTCATGTGACCCGGATAAC	TTTCATGTGATCCGGATAAC	0.4209871099550273
AGGCCAGGGCCATCGCCAAT	AGGACAGGGCCATCGCCAAT	1.0355548453763537
CCATCTAATTCAACACGAAT	CCATCTAATTCAACAAGAAT	0.4094684192474005
TTTCGTTGGCATCTTTCGAA	TTTCGTTGGGATCTTTCGAA	0.21410942925802623
ATAATGGTCTGCTAATTGAA	ATAATGGTCTGCTAGTTGAA	0.787466701845847
CATCACCTTCACCCGCTCCA	CATCACCTTCACCCTCTCCA	0.7015604958340442
GGAAAAGCATTGAAAACCAT	GGAAAAGCATTGAACACCAT	0.3428518220536796
GGAAAAGCATTAAACACCAT	GGAAAAGCATTGAACACCAT	0.5885375833068714
AGGACAGGGCCCTCGCCAAT	AGGACAGGGCCATCGCCAAT	0.7112084111527317
GACTTCAGCACGCGTGTTGT	GACTTCAGCACGCGTCTTGT	0.38116256938278925
CCATCTAATTTAACAAGAAT	CCATCTAATTCAACAAGAAT	0.5139127728018571
CAAACTCAAGAAGGACCAAG	CAAACTCAAGAAGGACCATG	0.34075240214091984
AGTAGTGCAAATAAAATTAA	AGTAGTGCAAATAAATTTAA	0.5314945163560475
GTCGACAGGTAATGATTGTC	GTCGACAGGTAATGGTTGTC	0.8509652920752029
GGAAAAGCCTTGAACACCAT	GGAAAAGCATTGAACACCAT	1.0169866871906261
CGTTCCTGAACATAACCTTC	CGTTCCTGTACATAACCTTC	0.9513832832056897
GACTTCAGCGCGCGTCTTGT	GACTTCAGCACGCGTCTTGT	0.9707207939439324
CAGTAGTGCCAATAAATTTA	CAGTAGTGCAAATAAATTTA	0.5032549050991489
AGTACTGCAAATAAATTTAA	AGTAGTGCAAATAAATTTAA	0.5851483527307545
AGTAGTGCAGATAAATTTAA	AGTAGTGCAAATAAATTTAA	0.9165591061718794
GTCAGAGTAGTGACCAGTGT	GTCAGAGTAGTGACAAGTGT	0.659794172417528
TAACTCGATACGATGAACAA	TAACTCGATACGATTAACAA	0.3487742058445702
AAAGGACAGATTGTGTTGAC	AAAGGACAGATTGTGTCGAC	1.0174140442286985
TAACTCGATACGATTTACAA	TAACTCGATACGATTAACAA	0.5784224854847088
CATGTGGTCACTCTTTTCGT	CATGTGGTCACGCTTTTCGT	0.44951212418565656
ATAATCGTCTGCTAGTTGAA	ATAATGGTCTGCTAGTTGAA	0.8798351863736135
ATGTGGTCACGCTTTTCGGT	ATGTGGTCACGCTTTTCGTT	0.3694960999688537
TTGGAGTATTTTGTTGAGAA	TTGGAGTATTTTGTTGATAA	0.3950349973826135
TGGTTGTCTGGTAAACGGAC	TGGTTGTCTGGTAAAAGGAC	0.5949241848031425
GTCAGAGTAGTGCCAAGTGT	GTCAGAGTAGTGACAAGTGT	0.9359766176749087
TTTCGTTGGGATCTTTCAAA	TTTCGTTGGGATCTTTCGAA	0.0006987914949244667
GGTTGTCTGGTAAAACGACA	GGTTGTCTGGTAAAAGGACA	0.44441823979677897
CTGTAGATAACCTTCGGGCA	CTGTACATAACCTTCGGGCA	0.9512544552089339
TTGGAGTATTTGGTTGATAA	TTGGAGTATTTTGTTGATAA	0.24150829165766985
ATAATGGTCTGCTTGTTGAA	ATAATGGTCTGCTAGTTGAA	0.7951041694697605
TTTCTTTGGGATCTTTCGAA	TTTCGTTGGGATCTTTCGAA	0.793555556329759
ATAATGGTCTGGTAGTTGAA	ATAATGGTCTGCTAGTTGAA	0.9635728698069047
GACCTCAGCACGCGTCTTGT	GACTTCAGCACGCGTCTTGT	1.110302073985601
TTGGAGTATTTTGTTGCTAA	TTGGAGTATTTTGTTGATAA	0.0944007882418385
CGATCCTGTACATAACCTTC	CGTTCCTGTACATAACCTTC	0.9508376814504671
CATGTGGTCACGCTTTTCGG	CATGTGGTCACGCTTTTCGT	0.02924699618142157
CAGATTGTGTCGACCGGTAA	CAGATTGTGTCGACAGGTAA	0.42265390219573873
CAGATTGTGTCGACACGTAA	CAGATTGTGTCGACAGGTAA	0.42776913238074854
GCGTTCCTGTACAAAACCTT	GCGTTCCTGTACATAACCTT	0.8037281134711808
TGTTCCTGTACATAACCTTC	CGTTCCTGTACATAACCTTC	0.9488214947644225
ATAATGGTCTGCTAGTTGCA	ATAATGGTCTGCTAGTTGAA	0.2969773093673741
CAGTAGTGCAAATAAAATTA	CAGTAGTGCAAATAAATTTA	0.487220722644212
GGAAAAGCATTGAACACCGT	GGAAAAGCATTGAACACCAT	0.43218922379460123
CCATCTAATTCAACAAGATT	CCATCTAATTCAACAAGAAT	0.5590455426864547
TTTCGTTGGGGTCTTTCGAA	TTTCGTTGGGATCTTTCGAA	0.9489599800425903
TGCTTGTCTGGTAAAAGGAC	TGGTTGTCTGGTAAAAGGAC	0.7327949892873682
TTTCGTTGGTATCTTTCGAA	TTTCGTTGGGATCTTTCGAA	0.49128012686254063
TTTCATGTGATCCGAATAAC	TTTCATGTGATCCGGATAAC	0.6338027633635626
GGGAATGGTTGTCTGGTAAA	GGTAATGGTTGTCTGGTAAA	0.9074995773661954
AGTAGTGCAAGTAAATTTAA	AGTAGTGCAAATAAATTTAA	0.9697001997452603
GTTTCATGTGAGCCGGATAA	GTTTCATGTGATCCGGATAA	0.852253332561091
AAAGGACAGATTGTGTAGAC	AAAGGACAGATTGTGTCGAC	0.47186177401394447
GTAGTGACAAGTGTGGGCCA	GTAGTGACAAGTGTTGGCCA	0.8289258480476029
AAAGGACAGATTTTGTCGAC	AAAGGACAGATTGTGTCGAC	0.29127229963201984
GACTTCAGCACGCGTCTCGT	GACTTCAGCACGCGTCTTGT	0.6167827517120777
AATCACCTTCACCCTCTCCA	CATCACCTTCACCCTCTCCA	1.0298968660731351
CATCTAATTCAACATGAATT	CATCTAATTCAACAAGAATT	0.4530521878032653
CATGTCGTCACGCTTTTCGT	CATGTGGTCACGCTTTTCGT	0.7725825079534927
CAGATTGTGTCGACATGTAA	CAGATTGTGTCGACAGGTAA	0.6498844124299414
GTAGTGACAAGTGTTGGCAA	GTAGTGACAAGTGTTGGCCA	0.1478612785179465
GTCAGAGTAGAGACAAGTGT	GTCAGAGTAGTGACAAGTGT	0.952538365776032
TTTCGTTGGGAACTTTCGAA	TTTCGTTGGGATCTTTCGAA	0.31625377026982904
GCGTTCCTGTACCTAACCTT	GCGTTCCTGTACATAACCTT	0.9280475469485658
GACTTAAGCACGCGTCTTGT	GACTTCAGCACGCGTCTTGT	0.9424286411623148
TTGGAGTATTTTATTGATAA	TTGGAGTATTTTGTTGATAA	-0.01909480598090818
CAAACTCAAGTAGGACCATG	CAAACTCAAGAAGGACCATG	0.7490136821564098
CAGTAGTGCAAATGAATTTA	CAGTAGTGCAAATAAATTTA	0.6460892708894715
CAGTAGTGCAAGTAAATTTA	CAGTAGTGCAAATAAATTTA	0.949565393815954
AGGAGAGGGCCATCGCCAAT	AGGACAGGGCCATCGCCAAT	0.7784234608370284
CATCACCTTCACGCTCTCCA	CATCACCTTCACCCTCTCCA	0.9116374138174074
TCGTGCCGTTTCATGTGATC	TCATGCCGTTTCATGTGATC	1.0695761763100462
CATCTAATTCAACAAGAATG	CATCTAATTCAACAAGAATT	0.3871661191195107
AGTAGTGCAACTAAATTTAA	AGTAGTGCAAATAAATTTAA	0.6744901124750425
GTAGTGACAAGAGTTGGCCA	GTAGTGACAAGTGTTGGCCA	0.9598360184627454
AGAAGTGCAAATAAATTTAA	AGTAGTGCAAATAAATTTAA	0.6708112857337218
ATGTGGTCACGCTTTTGGTT	ATGTGGTCACGCTTTTCGTT	0.439544913843402
TTTCATGTTATCCGGATAAC	TTTCATGTGATCCGGATAAC	0.3741763717753832
CAAACTCAGGAAGGACCATG	CAAACTCAAGAAGGACCATG	0.9307754294360111
GGTTGTCTGGTAAAAGGACC	GGTTGTCTGGTAAAAGGACA	0.2428653338825011
GTCGACAGGTAATGGTTATC	GTCGACAGGTAATGGTTGTC	0.272907335591429
CAGATTGTGTCGACAGGTAG	CAGATTGTGTCGACAGGTAA	0.3750831520159069
CAGTGGTGCAAATAAATTTA	CAGTAGTGCAAATAAATTTA	0.9973513203199947
CATCACCTTCAACCTCTCCA	CATCACCTTCACCCTCTCCA	0.8623650119431989
TTGGAGTATCTTGTTGATAA	TTGGAGTATTTTGTTGATAA	0.47429414502626677
AGGACAGGGCCATCGCCACT	AGGACAGGGCCATCGCCAAT	0.061766338206474924
GACTTCAGCACGTGTCTTGT	GACTTCAGCACGCGTCTTGT	1.0197798271614142
GTTTCATGTAATCCGGATAA	GTTTCATGTGATCCGGATAA	0.9210585068408748
CAGATTGTGTCGACGGGTAA	CAGATTGTGTCGACAGGTAA	0.8579460762517926
TGGTTGTCAGGTAAAAGGAC	TGGTTGTCTGGTAAAAGGAC	0.900111528092161
TTTCATGTGATCCGGACAAC	TTTCATGTGATCCGGATAAC	0.4178394730389121
ATGTGGTCACGCCTTTCGTT	ATGTGGTCACGCTTTTCGTT	0.493817589433463
CGTTCCTGTACATAATCTTC	CGTTCCTGTACATAACCTTC	0.780643840143579
CATCTAATTCAACTAGAATT	CATCTAATTCAACAAGAATT	0.3521879037699862
CAGATTGCGTCGACAGGTAA	CAGATTGTGTCGACAGGTAA	0.9365261885872898
ACAAGTGTCGGCCACGGAAC	ACAAGTGTTGGCCACGGAAC	0.9241018338564317
CAAACTCTAGAAGGACCATG	CAAACTCAAGAAGGACCATG	0.6980711758148926
CCATCTACTTCAACAAGAAT	CCATCTAATTCAACAAGAAT	0.7485634340682052
TCATGCCGTTTCATGTGACC	TCATGCCGTTTCATGTGATC	0.44652743176950316
TTTCCTTGGGATCTTTCGAA	TTTCGTTGGGATCTTTCGAA	0.8349286957613549
GTTTCATGTGATGCGGATAA	GTTTCATGTGATCCGGATAA	0.9150300364535513
CAGTAGTGCAACTAAATTTA	CAGTAGTGCAAATAAATTTA	0.6033691921535436
GTTTCATGTGATCCGGATTA	GTTTCATGTGATCCGGATAA	0.3172981071738672
GGTAATGCTTGTCTGGTAAA	GGTAATGGTTGTCTGGTAAA	1.0082647507437221
CAAACGCAAGAAGGACCATG	CAAACTCAAGAAGGACCATG	0.861022025220378
AGGACAGGGCCATCGCCCAT	AGGACAGGGCCATCGCCAAT	0.26102125015422484
GTCGACAGGTAATGGTCGTC	GTCGACAGGTAATGGTTGTC	0.586832729773209
GATGTGGTCACGCTTTTCGT	CATGTGGTCACGCTTTTCGT	1.0834885729582147
ACAAGTGTTGGCCACGTAAC	ACAAGTGTTGGCCACGGAAC	0.5225316868957649
GTTTCATGTGATCCGAATAA	GTTTCATGTGATCCGGATAA	0.36686518529464596
TAACTCGATACGAGTAACAA	TAACTCGATACGATTAACAA	0.42357727282525726
CAAACTCAAGAAGTACCATG	CAAACTCAAGAAGGACCATG	0.3386367200211895
GTCAGAGTAGTGACAAGTTT	GTCAGAGTAGTGACAAGTGT	0.20657764259336597
TCATGCCGATTCATGTGATC	TCATGCCGTTTCATGTGATC	0.5660873911635975
CAAGCTCAAGAAGGACCATG	CAAACTCAAGAAGGACCATG	1.0389871857331547
TGGTGGTCTGGTAAAAGGAC	TGGTTGTCTGGTAAAAGGAC	1.1295731054950453
TGTAATGGTTGTCTGGTAAA	GGTAATGGTTGTCTGGTAAA	0.9526561501343459
TTTCATGTCATCCGGATAAC	TTTCATGTGATCCGGATAAC	0.7570360431122788
TTTCGTTCGGATCTTTCGAA	TTTCGTTGGGATCTTTCGAA	0.6363210167617332
TTGGAGTATTTTGTTAATAA	TTGGAGTATTTTGTTGATAA	0.0652082390250821
AGTAGTGCAAAGAAATTTAA	AGTAGTGCAAATAAATTTAA	0.4549475719216689
GGTTGTCTGGTAAAAGCACA	GGTTGTCTGGTAAAAGGACA	0.3364592700242892
CAGATTGTGTGGACAGGTAA	CAGATTGTGTCGACAGGTAA	0.9540714235393927
CATGTGGTCACGTTTTTCGT	CATGTGGTCACGCTTTTCGT	0.5743314372334447
CAAACTCAAGAAGGACCATA	CAAACTCAAGAAGGACCATG	0.4093470357480882
ATGTGTTCACGCTTTTCGTT	ATGTGGTCACGCTTTTCGTT	0.7290503250791307
CGTTCCTCTACATAACCTTC	CGTTCCTGTACATAACCTTC	0.8103658347998413
GGTTTTCTGGTAAAAGGACA	GGTTGTCTGGTAAAAGGACA	0.43390157929937323
GTCAAAGTAGTGACAAGTGT	GTCAGAGTAGTGACAAGTGT	0.8625152128502641
GACTTCAGCACGGGTCTTGT	GACTTCAGCACGCGTCTTGT	0.9089258144149193
ATAATGGTCTTCTAGTTGAA	ATAATGGTCTGCTAGTTGAA	0.6836129369435188
TTTCATGTGAACCGGATAAC	TTTCATGTGATCCGGATAAC	0.6575955153641003
GTAGTGAGAAGTGTTGGCCA	GTAGTGACAAGTGTTGGCCA	0.9826449941783786
CGGAACCATCTTCCACGTTG	CGGAACCATCTTCAACGTTG	-0.008974600462457794
TGGAACCATCTTCAACGTTG	CGGAACCATCTTCAACGTTG	0.9368638786416054
CATCACCTTCACCCTCTCCG	CATCACCTTCACCCTCTCCA	0.6117844732562512
CATCACCTTCACCTTCTCCA	CATCACCTTCACCCTCTCCA	0.9398795189781104
GTTTCAAGTGATCCGGATAA	GTTTCATGTGATCCGGATAA	0.9289029837309722
CGGAACCATCTTCAACGATG	CGGAACCATCTTCAACGTTG	0.33003558808576205
GGTAATGGATGTCTGGTAAA	GGTAATGGTTGTCTGGTAAA	0.9958764138475517
TTTCATGTGCTCCGGATAAC	TTTCATGTGATCCGGATAAC	0.5474556351782813
CTGTACATAAACTTCGGGCA	CTGTACATAACCTTCGGGCA	0.8909856719093747
GCGTTCCTGTACATAAACTT	GCGTTCCTGTACATAACCTT	0.4323512796747401
TCGTTGTCTGGTAAAAGGAC	TGGTTGTCTGGTAAAAGGAC	0.9650796984139058
CGTTCCTGTACATAACCTGC	CGTTCCTGTACATAACCTTC	0.3616564132729727
GAGATTGTGTCGACAGGTAA	CAGATTGTGTCGACAGGTAA	0.8264248827326174
CTGTACATCACCTTCGGGCA	CTGTACATAACCTTCGGGCA	0.958602232866296
CAGCAGTGCAAATAAATTTA	CAGTAGTGCAAATAAATTTA	0.773050796233115
CAGTAGTGCAAATAACTTTA	CAGTAGTGCAAATAAATTTA	0.48972757310399595
TGGTTGGCTGGTAAAAGGAC	TGGTTGTCTGGTAAAAGGAC	1.1719943322983146
AGGACAGGGCCATCGACAAT	AGGACAGGGCCATCGCCAAT	0.24523460467948732
CTGTACATAACCTTCGGGCC	CTGTACATAACCTTCGGGCA	0.33227140473250594
CATGACCTTCACCCTCTCCA	CATCACCTTCACCCTCTCCA	1.06685281104768
ATGTACATAACCTTCGGGCA	CTGTACATAACCTTCGGGCA	0.9870837079258882
CATGTGATCACGCTTTTCGT	CATGTGGTCACGCTTTTCGT	0.5934322163749697
TAAACTCAAGAAGGACCATG	CAAACTCAAGAAGGACCATG	1.0139154545047124
CGGAACCATCCTCAACGTTG	CGGAACCATCTTCAACGTTG	0.4248462172255968
CTGTACATAACTTTCGGGCA	CTGTACATAACCTTCGGGCA	0.9700127305533328
GTCGACAGGTAATCGTTGTC	GTCGACAGGTAATGGTTGTC	0.26380379150837074
AAAGGACAGATTGTGACGAC	AAAGGACAGATTGTGTCGAC	0.6030337191589288
CCATCTAATTCAACAAGAGT	CCATCTAATTCAACAAGAAT	0.47648804808786704
GCGTTCCTATACATAACCTT	GCGTTCCTGTACATAACCTT	0.9625362750139091
TTTCGTTGGGATCGTTCGAA	TTTCGTTGGGATCTTTCGAA	-0.03740042864972959
AGGACAGTGCCATCGCCAAT	AGGACAGGGCCATCGCCAAT	0.9148712454269134
ACAAATGTTGGCCACGGAAC	ACAAGTGTTGGCCACGGAAC	1.0394169135458156
TGGTTGTTTGGTAAAAGGAC	TGGTTGTCTGGTAAAAGGAC	1.039503387588047
GGTAATGGTTGTCTGGTAAT	GGTAATGGTTGTCTGGTAAA	0.2467188102998692
TCATGCCGTTTCATGTGAAC	TCATGCCGTTTCATGTGATC	0.42528417799261453
TCATGCCGTTTCATCTGATC	TCATGCCGTTTCATGTGATC	0.0777325918006575
AGTAGTGCAAATAAATTTAT	AGTAGTGCAAATAAATTTAA	0.21496934718026373
CTGTACATAACCTTGGGGCA	CTGTACATAACCTTCGGGCA	0.7499502467431742
CAGATTGTGACGACAGGTAA	CAGATTGTGTCGACAGGTAA	0.8244824339019455
TTTCGTTGGGAGCTTTCGAA	TTTCGTTGGGATCTTTCGAA	0.26049787901490606
CATCACCTTCATCCTCTCCA	CATCACCTTCACCCTCTCCA	1.0634136557348806
GTTGCATGTGATCCGGATAA	GTTTCATGTGATCCGGATAA	0.8561626886970672
TCATGCCGTTTCATGTGAGC	TCATGCCGTTTCATGTGATC	0.4459218345582252
CTCAGAGTAGTGACAAGTGT	GTCAGAGTAGTGACAAGTGT	0.8864755818229405
GGTAATGGTAGTCTGGTAAA	GGTAATGGTTGTCTGGTAAA	0.9977102833738656
TTTCGTTGGGATATTTCGAA	TTTCGTTGGGATCTTTCGAA	-0.09040997824864783
CAGTAGTGCAAATAAATCTA	CAGTAGTGCAAATAAATTTA	0.514536201499818
TTTCGTTGGGATCTTTGGAA	TTTCGTTGGGATCTTTCGAA	0.2535191084894004
GGTTGTCTGGTAAAAGGGCA	GGTTGTCTGGTAAAAGGACA	0.9470619731238049
CTATACATAACCTTCGGGCA	CTGTACATAACCTTCGGGCA	0.9707772909541855
CAAACTCAAGAAAGACCATG	CAAACTCAAGAAGGACCATG	0.405289984967132
CCATCTAATTCAACAAGTAT	CCATCTAATTCAACAAGAAT	0.4426873205860087
GGAAAAGCATTGCACACCAT	GGAAAAGCATTGAACACCAT	0.784106625710139
CAAATTCAAGAAGGACCATG	CAAACTCAAGAAGGACCATG	0.7534170531599861
TTTCGTTGGGATCTTTCCAA	TTTCGTTGGGATCTTTCGAA	0.22883150569472166
CATGTGGTCACGCTGTTCGT	CATGTGGTCACGCTTTTCGT	0.25066929200371013
GCGTTCCTGGACATAACCTT	GCGTTCCTGTACATAACCTT	0.9237528424997754
TAACTCGATTCGATTAACAA	TAACTCGATACGATTAACAA	0.4986431220197223
CGTTCCTGTACATAACCTTG	CGTTCCTGTACATAACCTTC	0.36953383900905123
TTTCATGTGATCCCGATAAC	TTTCATGTGATCCGGATAAC	0.17077170218122584
GGAAAAGCATTGAATACCAT	GGAAAAGCATTGAACACCAT	0.38435955960614576
CTGTACTTAACCTTCGGGCA	CTGTACATAACCTTCGGGCA	0.963993914033827
GGTAATGTTTGTCTGGTAAA	GGTAATGGTTGTCTGGTAAA	0.9732164816723933
TTTTGTTGGGATCTTTCGAA	TTTCGTTGGGATCTTTCGAA	0.8043484598534052
ATAATGGTCTGCGAGTTGAA	ATAATGGTCTGCTAGTTGAA	0.5705216647519515
TCATGCCGTTTCATGTAATC	TCATGCCGTTTCATGTGATC	0.4170129110575844
GGTAATGGGTGTCTGGTAAA	GGTAATGGTTGTCTGGTAAA	0.6291774809542595
GGTAATGGTTGTATGGTAAA	GGTAATGGTTGTCTGGTAAA	0.36641954729279747
AGGACAGGGCCATCGCAAAT	AGGACAGGGCCATCGCCAAT	0.3514754910983565
AAGTGGTCACGCTTTTCGTT	ATGTGGTCACGCTTTTCGTT	1.0498826029880433
TAACTCGATACGGTTAACAA	TAACTCGATACGATTAACAA	0.9590386147605077
TGGTTGTCTGGTAAAAGGTC	TGGTTGTCTGGTAAAAGGAC	0.7394090386959555
GTTAGAGTAGTGACAAGTGT	GTCAGAGTAGTGACAAGTGT	0.916421330706079
CAGTAGTGCAAATATATTTA	CAGTAGTGCAAATAAATTTA	0.785917455983244
AGGACACGGCCATCGCCAAT	AGGACAGGGCCATCGCCAAT	0.9396048709563338
CGGAACCATCTCCAACGTTG	CGGAACCATCTTCAACGTTG	0.16363115840042997
GGTTGCCTGGTAAAAGGACA	GGTTGTCTGGTAAAAGGACA	0.9652240168203668
GGTTGTCTGGTAAAAGGCCA	GGTTGTCTGGTAAAAGGACA	0.3983470090553468
GACTTCAGCAAGCGTCTTGT	GACTTCAGCACGCGTCTTGT	0.8338326167421631
GACTTCAGCACGCGTCTTGA	GACTTCAGCACGCGTCTTGT	0.3281074789126205
GGTTGTCTGGTAAAAAGACA	GGTTGTCTGGTAAAAGGACA	0.3197382405132905
AAAGGACAGATTGTTTCGAC	AAAGGACAGATTGTGTCGAC	0.23509323809998395
GTTTCATGTGATCGGGATAA	GTTTCATGTGATCCGGATAA	0.5057746023504328
TTTCGTCGGGATCTTTCGAA	TTTCGTTGGGATCTTTCGAA	0.858971770715229
GACTTCAGCACGCCTCTTGT	GACTTCAGCACGCGTCTTGT	0.8227493470894665
AGTAGTGCAAATAAATCTAA	AGTAGTGCAAATAAATTTAA	0.44689274938938106
TAACTCGATACGATTAATAA	TAACTCGATACGATTAACAA	0.507918276977948
CGTTCCTGTACCTAACCTTC	CGTTCCTGTACATAACCTTC	0.9163037961094941
TAACTCTATACGATTAACAA	TAACTCGATACGATTAACAA	0.49545677580729675
GTGGACAGGTAATGGTTGTC	GTCGACAGGTAATGGTTGTC	0.941268163225393
CAGGTTGTGTCGACAGGTAA	CAGATTGTGTCGACAGGTAA	0.951787927409712
AAAGGACAGATTGTGTCGAA	AAAGGACAGATTGTGTCGAC	0.18851819977158557
CCAACTCAAGAAGGACCATG	CAAACTCAAGAAGGACCATG	0.7694733616494881
TTTCATGTGATCCGGATGAC	TTTCATGTGATCCGGATAAC	0.7853702893916907
CATAACCTTCACCCTCTCCA	CATCACCTTCACCCTCTCCA	1.0975521132044925
ACAAGTGTTGGCTACGGAAC	ACAAGTGTTGGCCACGGAAC	0.8726137693959719
AGGACAGGGCCTTCGCCAAT	AGGACAGGGCCATCGCCAAT	0.47049118446685756
GTGTACATAACCTTCGGGCA	CTGTACATAACCTTCGGGCA	1.0210766886495986
CATGTGGTCACGCTTTTCAT	CATGTGGTCACGCTTTTCGT	0.0011746060512103362
GCGTTCCTGTACATAACCTA	GCGTTCCTGTACATAACCTT	0.14591421604324006
AGTAGTGCAAATAAATTGAA	AGTAGTGCAAATAAATTTAA	0.49906387408482455
AGTAGTGCAAATCAATTTAA	AGTAGTGCAAATAAATTTAA	0.43950578155730846
CAAACTCACGAAGGACCATG	CAAACTCAAGAAGGACCATG	0.8453828235701336
TAACTCGATGCGATTAACAA	TAACTCGATACGATTAACAA	0.41956775457422046
GTAATGGTCTGCTAGTTGAA	ATAATGGTCTGCTAGTTGAA	0.9897207455678375
TGGTTGTCTGGTAGAAGGAC	TGGTTGTCTGGTAAAAGGAC	0.7447788125836683
CGGAACCATTTTCAACGTTG	CGGAACCATCTTCAACGTTG	0.45003008876538886
CTGTACATAACCTTCGTGCA	CTGTACATAACCTTCGGGCA	0.3314487239801367
GTCGACAGGTAATGGTTCTC	GTCGACAGGTAATGGTTGTC	0.35804164026389595
AGGACAGGGACATCGCCAAT	AGGACAGGGCCATCGCCAAT	1.0525286462164458
GGTTGTCTCGTAAAAGGACA	GGTTGTCTGGTAAAAGGACA	0.9399310323168338
CTGTACATATCCTTCGGGCA	CTGTACATAACCTTCGGGCA	0.8563553351300566
AGTAGTGCAAATAAATTAAA	AGTAGTGCAAATAAATTTAA	0.47875823764130376
GTCAGAGTAGTGACAAGTAT	GTCAGAGTAGTGACAAGTGT	-0.012411836433944945
GGTAAAGCATTGAACACCAT	GGAAAAGCATTGAACACCAT	0.9024134530749461
CAGTAGTGAAAATAAATTTA	CAGTAGTGCAAATAAATTTA	0.49842629290577056
GGTTGTCTGGTGAAAGGACA	GGTTGTCTGGTAAAAGGACA	0.9571059910998685
CAGTAGTGCAAATCAATTTA	CAGTAGTGCAAATAAATTTA	0.4889868259720861
GTTTCATGTGATCCGGATAC	GTTTCATGTGATCCGGATAA	0.38826898589770154
CCATCTAATTCAACAAGAAA	CCATCTAATTCAACAAGAAT	0.04312215363919225
AGGACAGGGCCATCACCAAT	AGGACAGGGCCATCGCCAAT	0.297857749596639
GTCGACAGGTAGTGGTTGTC	GTCGACAGGTAATGGTTGTC	0.872095224144074
ATAATGGTCTCCTAGTTGAA	ATAATGGTCTGCTAGTTGAA	0.7865390276219967
CAGATTGTGTCCACAGGTAA	CAGATTGTGTCGACAGGTAA	0.4940967182312772
TTTCGTTGTGATCTTTCGAA	TTTCGTTGGGATCTTTCGAA	0.44831479809284425
TCATGCCGTTGCATGTGATC	TCATGCCGTTTCATGTGATC	0.6526517820171479
TTTCATGTGTTCCGGATAAC	TTTCATGTGATCCGGATAAC	0.3142890867781647
GGTTGTCTGGTAAAAGGATA	GGTTGTCTGGTAAAAGGACA	0.3121289515605077
CAGATTGTGTCGACAGGTGA	CAGATTGTGTCGACAGGTAA	0.6705307442340552
TCATGCCGTTTCATGTGGTC	TCATGCCGTTTCATGTGATC	1.0491374497365002
GGTAATGGTTGCCTGGTAAA	GGTAATGGTTGTCTGGTAAA	0.9284545594053641
CATCTAATTCAACAAGTATT	CATCTAATTCAACAAGAATT	0.399469044813471
GGTAATGGTTATCTGGTAAA	GGTAATGGTTGTCTGGTAAA	0.8513308803351214
AAAGGACAGATTGTGTCGGC	AAAGGACAGATTGTGTCGAC	0.538749219262466
ATGTGGTCACTCTTTTCGTT	ATGTGGTCACGCTTTTCGTT	0.41967497880934124
CATCATCTTCACCCTCTCCA	CATCACCTTCACCCTCTCCA	1.0105472838300755
GGAAAAGCATTGAACACGAT	GGAAAAGCATTGAACACCAT	0.5891909166734042
CATCACCTTCACTCTCTCCA	CATCACCTTCACCCTCTCCA	1.0078247528007542
CAAACTAAAGAAGGACCATG	CAAACTCAAGAAGGACCATG	0.7889025569567065
CTGCACATAACCTTCGGGCA	CTGTACATAACCTTCGGGCA	0.983534633091802
GGTAATGGTTCTCTGGTAAA	GGTAATGGTTGTCTGGTAAA	0.6091214214632498
AAAGGACAGATTGTGTCGAG	AAAGGACAGATTGTGTCGAC	0.21328961335369756
CCATCTAATTCAACTAGAAT	CCATCTAATTCAACAAGAAT	0.37835407109428143
GTCAGAGTAGTGACAAGTCT	GTCAGAGTAGTGACAAGTGT	0.05008502465675879
GTCGACAGGTAAGGGTTGTC	GTCGACAGGTAATGGTTGTC	0.885470978557238
GTTTCATGTGTTCCGGATAA	GTTTCATGTGATCCGGATAA	0.9664837837184438
CCATCTAATTCAACAAAAAT	CCATCTAATTCAACAAGAAT	0.05173920200203219
GCCAGAGTAGTGACAAGTGT	GTCAGAGTAGTGACAAGTGT	0.8777562085394683
ATAATGGTCTGTTAGTTGAA	ATAATGGTCTGCTAGTTGAA	0.9687232598670825
GTCGACAGGTAATGGTTGGC	GTCGACAGGTAATGGTTGTC	0.7296642960226172
ATAATGCTCTGCTAGTTGAA	ATAATGGTCTGCTAGTTGAA	0.8301702005690169
AAAGGACAGATTGTGGCGAC	AAAGGACAGATTGTGTCGAC	0.555647308983494
CCATCTAATTCAACCAGAAT	CCATCTAATTCAACAAGAAT	0.32142236392574575
GGTAATGGTTGACTGGTAAA	GGTAATGGTTGTCTGGTAAA	0.6249437614202454
GGTTGTCTGGTAGAAGGACA	GGTTGTCTGGTAAAAGGACA	0.8813029796003402
GTCAGAGTAGTGATAAGTGT	GTCAGAGTAGTGACAAGTGT	0.6553692039763648
CGTTCCTGTACATACCCTTC	CGTTCCTGTACATAACCTTC	0.5616058145619379
TTTCATGTGATCCGGATAAA	TTTCATGTGATCCGGATAAC	0.20021090581167633
GGTAATGGTTGTCTGGTAAC	GGTAATGGTTGTCTGGTAAA	0.24947158539517988
AAAGGACAGATTGTGTGGAC	AAAGGACAGATTGTGTCGAC	0.9362116123788522
ACAAGTGGTGGCCACGGAAC	ACAAGTGTTGGCCACGGAAC	0.9086633442322292
CAAACTCAAGAAGGGCCATG	CAAACTCAAGAAGGACCATG	1.0195142662254493
CATCACCTTCACCCTCTACA	CATCACCTTCACCCTCTCCA	0.596476014383327
TGGTTGTCTGGTCAAAGGAC	TGGTTGTCTGGTAAAAGGAC	0.7024084664562706
CAGTAGTGCTAATAAATTTA	CAGTAGTGCAAATAAATTTA	0.524387108528217
TAACTCGATACTATTAACAA	TAACTCGATACGATTAACAA	0.624448752168037
GGAAAAGCATTGACCACCAT	GGAAAAGCATTGAACACCAT	0.5636320045246773
AGTAGTGCAAATGAATTTAA	AGTAGTGCAAATAAATTTAA	0.8263508462664828
CGGAACCAGCTTCAACGTTG	CGGAACCATCTTCAACGTTG	0.5578892807406494
TTTCATGCGATCCGGATAAC	TTTCATGTGATCCGGATAAC	0.8269253905907685
ATGTGGTCAGGCTTTTCGTT	ATGTGGTCACGCTTTTCGTT	0.9882488876696507
GTCGACAGGTAATGGTTGTA	GTCGACAGGTAATGGTTGTC	0.3443106866723987
TTTCATGTGATCCGGTTAAC	TTTCATGTGATCCGGATAAC	0.7117356869402947
ATAATGGTGTGCTAGTTGAA	ATAATGGTCTGCTAGTTGAA	0.824630538425509
AGTAGTGCAAATAAATTCAA	AGTAGTGCAAATAAATTTAA	0.6700143664678204
GGAAAAGCATTGAAGACCAT	GGAAAAGCATTGAACACCAT	0.4167800917170985
CAAACTCAAAAAGGACCATG	CAAACTCAAGAAGGACCATG	0.3967897880774722
TCTTGCCGTTTCATGTGATC	TCATGCCGTTTCATGTGATC	0.9865279366009981
TTGGAGTATTTTGTTTATAA	TTGGAGTATTTTGTTGATAA	0.38621560558874535
TGGTTGTGTGGTAAAAGGAC	TGGTTGTCTGGTAAAAGGAC	1.214491973412995
CATATGGTCACGCTTTTCGT	CATGTGGTCACGCTTTTCGT	0.8473457091600038
CATCACCTTAACCCTCTCCA	CATCACCTTCACCCTCTCCA	0.9195346814762708
GTAGTGACAAATGTTGGCCA	GTAGTGACAAGTGTTGGCCA	0.9458902587789955
GTAGTGACAAGTGTTGGCGA	GTAGTGACAAGTGTTGGCCA	0.2974128153286193
TAACTCAATACGATTAACAA	TAACTCGATACGATTAACAA	0.6208870687326793
CCATCTAATTCAACGAGAAT	CCATCTAATTCAACAAGAAT	0.6291412851996138
CAATAGTGCAAATAAATTTA	CAGTAGTGCAAATAAATTTA	0.7484081730498524
ATAATGGTCCGCTAGTTGAA	ATAATGGTCTGCTAGTTGAA	0.960907252994685
CAGATTGTATCGACAGGTAA	CAGATTGTGTCGACAGGTAA	0.9060861200639527
TCATGCCGTTCCATGTGATC	TCATGCCGTTTCATGTGATC	1.0119106380056309
TTGGAGTATTTTGTCGATAA	TTGGAGTATTTTGTTGATAA	0.014393739398756766
GTCAGAGTGGTGACAAGTGT	GTCAGAGTAGTGACAAGTGT	1.048891923081287
AAAGGACAGATTGTGCCGAC	AAAGGACAGATTGTGTCGAC	0.6342072304830557
TGGTTGTCTGATAAAAGGAC	TGGTTGTCTGGTAAAAGGAC	0.526448648728091
CGTTCCTGTACATAACCTAC	CGTTCCTGTACATAACCTTC	0.37337391175986645
CGGAACCATCTTAAACGTTG	CGGAACCATCTTCAACGTTG	0.012472918625046514
GCGTTCCTGTACATTACCTT	GCGTTCCTGTACATAACCTT	0.9463159393706426
CCATTTAATTCAACAAGAAT	CCATCTAATTCAACAAGAAT	0.506232746049624
CATCTAATTCAACAAGGATT	CATCTAATTCAACAAGAATT	0.8029014783640782
AAAGGACAGATGGTGTCGAC	AAAGGACAGATTGTGTCGAC	0.6670165162362698
ACAAGTGTTGGCGACGGAAC	ACAAGTGTTGGCCACGGAAC	0.5879645413017975
TGGTTGTCTGGTAAAAGGCC	TGGTTGTCTGGTAAAAGGAC	0.839278111324304
TAACTCGATACGATTAAGAA	TAACTCGATACGATTAACAA	0.4260463797309568
TCATGCCGTTTCATGAGATC	TCATGCCGTTTCATGTGATC	0.6124686718130747
GTTTCATGTGATCCGGAAAA	GTTTCATGTGATCCGGATAA	0.4034043487341318
AATAGTGCAAATAAATTTAA	AGTAGTGCAAATAAATTTAA	0.630460896258453
TCATGCCGTTTCATGTCATC	TCATGCCGTTTCATGTGATC	0.24069387505354833
AAAGGACAGGTTGTGTCGAC	AAAGGACAGATTGTGTCGAC	0.952160072107104
ACAAGTGTTGGCCCCGGAAC	ACAAGTGTTGGCCACGGAAC	0.7846801552618677
GCGTTCCTGTCCATAACCTT	GCGTTCCTGTACATAACCTT	0.9827995075341966
GTAGTGACAAGTGTAGGCCA	GTAGTGACAAGTGTTGGCCA	0.7231170034813477
GGTTGTCTGTTAAAAGGACA	GGTTGTCTGGTAAAAGGACA	0.9385384420531666
GGAAAAGCATTCAACACCAT	GGAAAAGCATTGAACACCAT	0.5736768847653809
GACTTCAGCACGCGGCTTGT	GACTTCAGCACGCGTCTTGT	0.46059997557538723
GACTTCAGCACGCGTCGTGT	GACTTCAGCACGCGTCTTGT	1.025389975944808
ACAAGTGTTGGCCACGAAAC	ACAAGTGTTGGCCACGGAAC	0.2932135274407994
TTACATGTGATCCGGATAAC	TTTCATGTGATCCGGATAAC	1.1244032176514347
CGGAACCATCATCAACGTTG	CGGAACCATCTTCAACGTTG	0.29961700530946
GCGTTCCTGTACATAACCGT	GCGTTCCTGTACATAACCTT	0.3250027324078548
AGGACAGGGCCATGGCCAAT	AGGACAGGGCCATCGCCAAT	0.30083283767664326
ATGTGGTCACGCTATTCGTT	ATGTGGTCACGCTTTTCGTT	0.3259562039728465
ATGTGGTCACGCTTTTCGCT	ATGTGGTCACGCTTTTCGTT	0.33570582694061457
AGTTGTCTGGTAAAAGGACA	GGTTGTCTGGTAAAAGGACA	0.9311598830651777
GTTTCATGTGATCCAGATAA	GTTTCATGTGATCCGGATAA	0.5914363681911516
CATCACCTTCACCCTCCCCA	CATCACCTTCACCCTCTCCA	0.9560781970492569
GTTTCATGTGATCCGGTTAA	GTTTCATGTGATCCGGATAA	0.4675848124586419
GTCAGAGTAGTGTCAAGTGT	GTCAGAGTAGTGACAAGTGT	0.8351488770150647
CATGTGGTCACCCTTTTCGT	CATGTGGTCACGCTTTTCGT	0.46070175434006577
TAGATTGTGTCGACAGGTAA	CAGATTGTGTCGACAGGTAA	0.9422179772632211
CTGTACATAGCCTTCGGGCA	CTGTACATAACCTTCGGGCA	0.9914128861690074
CATCTAATTCAACAAGAATC	CATCTAATTCAACAAGAATT	0.12834972556233226
CTGTACATAACCCTCGGGCA	CTGTACATAACCTTCGGGCA	0.9403563613773266
CCATCTATTTCAACAAGAAT	CCATCTAATTCAACAAGAAT	0.7991183062358578
GTCGACAGGTCATGGTTGTC	GTCGACAGGTAATGGTTGTC	0.9890816109817427
CCGATTGTGTCGACAGGTAA	CAGATTGTGTCGACAGGTAA	0.9765607685970725
CGTTCCTGTTCATAACCTTC	CGTTCCTGTACATAACCTTC	0.8718711778733716
AAAGGACAGATTGTGTCTAC	AAAGGACAGATTGTGTCGAC	0.3466718178930954
CAGATTGTGTCGTCAGGTAA	CAGATTGTGTCGACAGGTAA	0.7119969502243395
CAGATTGTGTCGACTGGTAA	CAGATTGTGTCGACAGGTAA	0.6707751304944469
AAAGGATAGATTGTGTCGAC	AAAGGACAGATTGTGTCGAC	0.905950074694105
CCACCTAATTCAACAAGAAT	CCATCTAATTCAACAAGAAT	0.5716307934376688
GGTAATTGTTGTCTGGTAAA	GGTAATGGTTGTCTGGTAAA	0.9825549693462063
GGTTGTCTGGTAAGAGGACA	GGTTGTCTGGTAAAAGGACA	0.9875785217815644
GAAGTGACAAGTGTTGGCCA	GTAGTGACAAGTGTTGGCCA	0.9854009434154729
CGTTCCGGTACATAACCTTC	CGTTCCTGTACATAACCTTC	0.8887325076061556
TTGCGTTGGGATCTTTCGAA	TTTCGTTGGGATCTTTCGAA	0.8883015949819609
TAACTCGATACGATTACCAA	TAACTCGATACGATTAACAA	0.5836249773176168
CGGAACCATCTTCACCGTTG	CGGAACCATCTTCAACGTTG	0.08094223677710777
TTTCATGTGATCCGGATCAC	TTTCATGTGATCCGGATAAC	0.586268736295129
CATCAACTTCACCCTCTCCA	CATCACCTTCACCCTCTCCA	1.003694080284727
TTTCATGTGATCCGGCTAAC	TTTCATGTGATCCGGATAAC	0.8185015665274629
GTCTCATGTGATCCGGATAA	GTTTCATGTGATCCGGATAA	0.9450234031188186
AGGACAGGTCCATCGCCAAT	AGGACAGGGCCATCGCCAAT	0.701660587088612
AATGGACAGATTGTGTCGAC	AAAGGACAGATTGTGTCGAC	1.0291004204891991
GTTTCATGTGATTCGGATAA	GTTTCATGTGATCCGGATAA	1.0329109290085647
CAGATTGTGTCGATAGGTAA	CAGATTGTGTCGACAGGTAA	0.6251868980120439
AGTAGTGCAAATAATTTTAA	AGTAGTGCAAATAAATTTAA	0.5461051926241272
TTTCATGTGATCCGGGTAAC	TTTCATGTGATCCGGATAAC	1.0161104001751795
ATAATGGACTGCTAGTTGAA	ATAATGGTCTGCTAGTTGAA	0.9111152981843026
TTCCGTTGGGATCTTTCGAA	TTTCGTTGGGATCTTTCGAA	0.9105982921148746
CGGAACCATCTTCAGCGTTG	CGGAACCATCTTCAACGTTG	0.43341122791291675
CATCTAATTCATCAAGAATT	CATCTAATTCAACAAGAATT	0.39350808028181383
GACATCAGCACGCGTCTTGT	GACTTCAGCACGCGTCTTGT	1.2025227991694467
ACAAGTGTTGGCCACGGCAC	ACAAGTGTTGGCCACGGAAC	0.6200334886161409
CGAAACCATCTTCAACGTTG	CGGAACCATCTTCAACGTTG	0.6238399228529864
GTTTCATGTGATCCGCATAA	GTTTCATGTGATCCGGATAA	0.18847876748655656
GTCGACAGGTAATGGTGGTC	GTCGACAGGTAATGGTTGTC	0.8580597806137755
CAATCTAATTCAACAAGAAT	CCATCTAATTCAACAAGAAT	0.7449332692616768
TTTCGTTGGGATCTTTCTAA	TTTCGTTGGGATCTTTCGAA	0.11197403256526872
GGTCGTCTGGTAAAAGGACA	GGTTGTCTGGTAAAAGGACA	0.9621268872458166
CAAACTCAAGCAGGACCATG	CAAACTCAAGAAGGACCATG	0.49638085055721526
GTGGAGTATTTTGTTGATAA	TTGGAGTATTTTGTTGATAA	0.8641466022368971
TGGTTGTCTGGTAAAATGAC	TGGTTGTCTGGTAAAAGGAC	0.42300608201202894
GTCGACAGGTAATGGATGTC	GTCGACAGGTAATGGTTGTC	0.8289935914076509
GCGATCCTGTACATAACCTT	GCGTTCCTGTACATAACCTT	1.0087501528724867
TAACTCGACACGATTAACAA	TAACTCGATACGATTAACAA	0.6146977243671568
CGTTCCTGTACATAACCTTA	CGTTCCTGTACATAACCTTC	0.3302116592987694
TTTCATGTAATCCGGATAAC	TTTCATGTGATCCGGATAAC	0.6032712898856866
GGTAATGGTTGTCTGGTGAA	GGTAATGGTTGTCTGGTAAA	0.8631614572975262
ACAAGTGTTGGCAACGGAAC	ACAAGTGTTGGCCACGGAAC	0.4644866906208742
CGGAACCATCTTCAACGTTA	CGGAACCATCTTCAACGTTG	0.3048537765432142
GGAAAAGCATTGAACACAAT	GGAAAAGCATTGAACACCAT	0.46955775375352327
TTTCATGTGATACGGATAAC	TTTCATGTGATCCGGATAAC	0.6536888444877444
ATAATGGTCTGCTAGCTGAA	ATAATGGTCTGCTAGTTGAA	0.7854673796866127
CATCACCTTCACCCTGTCCA	CATCACCTTCACCCTCTCCA	0.9550485038833968
GTCGACAGGTAATAGTTGTC	GTCGACAGGTAATGGTTGTC	0.8185161766658842
ATAATGGTCTGCTAGTTGTA	ATAATGGTCTGCTAGTTGAA	0.3633521153151118
ATTTCATGTGATCCGGATAA	GTTTCATGTGATCCGGATAA	0.9096683425333584
TTTCATGTGATCCTGATAAC	TTTCATGTGATCCGGATAAC	0.26538219811946284
CCATCTAATTCGACAAGAAT	CCATCTAATTCAACAAGAAT	0.8384216339812605
TATCTAATTCAACAAGAATT	CATCTAATTCAACAAGAATT	1.0430714887075112
TTTGAGTATTTTGTTGATAA	TTGGAGTATTTTGTTGATAA	0.3066663301465158
AGGACAGGGCAATCGCCAAT	AGGACAGGGCCATCGCCAAT	0.3439436090926593
CTGTACATAACCTTCCGGCA	CTGTACATAACCTTCGGGCA	0.8689104063573045
AGTATTGCAAATAAATTTAA	AGTAGTGCAAATAAATTTAA	0.5697583523781647
TAACTCGATACGCTTAACAA	TAACTCGATACGATTAACAA	0.6399727978265253
GTCAGAGTAGTGAGAAGTGT	GTCAGAGTAGTGACAAGTGT	0.7225912152870108
CTGTACATAACCTGCGGGCA	CTGTACATAACCTTCGGGCA	0.6336698053207239
CGTTCCTGTACATATCCTTC	CGTTCCTGTACATAACCTTC	0.9128016096339199
CCATCTAATCCAACAAGAAT	CCATCTAATTCAACAAGAAT	0.466378866461042
TGGTTGTCTGGTAAATGGAC	TGGTTGTCTGGTAAAAGGAC	0.814426272629124
CAGATCGTGTCGACAGGTAA	CAGATTGTGTCGACAGGTAA	0.949786893505453
CGTTCCTATACATAACCTTC	CGTTCCTGTACATAACCTTC	0.793312303910761
TAACTCGATACGATTAACCA	TAACTCGATACGATTAACAA	0.2904313332295605
CATGTGGTCACGCTTGTCGT	CATGTGGTCACGCTTTTCGT	0.18149576897444297
GCGTTCTTGTACATAACCTT	GCGTTCCTGTACATAACCTT	0.9717578380399328
AGTAGTGCAAATAAATTTTA	AGTAGTGCAAATAAATTTAA	0.43407025805393873
ACGACAGGGCCATCGCCAAT	AGGACAGGGCCATCGCCAAT	1.05920829968564
CATGTGGTCGCGCTTTTCGT	CATGTGGTCACGCTTTTCGT	0.7495372911390598
CATCTAATACAACAAGAATT	CATCTAATTCAACAAGAATT	0.41179541882020065
TTGGAGCATTTTGTTGATAA	TTGGAGTATTTTGTTGATAA	0.5919613491013778
TAACTCGATACGATCAACAA	TAACTCGATACGATTAACAA	0.457944321933051
AGTAGTGCAAATAAATTTAG	AGTAGTGCAAATAAATTTAA	0.43331997893089147
TTTCGTTGGGCTCTTTCGAA	TTTCGTTGGGATCTTTCGAA	0.6971317768261405
CGGAACCATCTTCAACTTTG	CGGAACCATCTTCAACGTTG	0.20832671891128451
AAAGGACAGATTGTGTCGAT	AAAGGACAGATTGTGTCGAC	0.014021735057978324
AGGACAGGGCCATAGCCAAT	AGGACAGGGCCATCGCCAAT	-0.05808317489008541
CTGTACCTAACCTTCGGGCA	CTGTACATAACCTTCGGGCA	0.9644427262234488
CAAACTCAAGAAGGTCCATG	CAAACTCAAGAAGGACCATG	0.8633428234650141
CAGTAGTGCAAAAAAATTTA	CAGTAGTGCAAATAAATTTA	0.49297467101086045
TTTCATGTGATCGGGATAAC	TTTCATGTGATCCGGATAAC	0.4095422483135249
AAAGGTCAGATTGTGTCGAC	AAAGGACAGATTGTGTCGAC	0.9640630188808297
CGGAACCACCTTCAACGTTG	CGGAACCATCTTCAACGTTG	0.3492021155255345
CATGTGGTCACGCTTTTCGC	CATGTGGTCACGCTTTTCGT	0.06587886139238153
GTAGTGACAAGTGGTGGCCA	GTAGTGACAAGTGTTGGCCA	0.9313384622745906
ATGTGGTCACGCTTTTAGTT	ATGTGGTCACGCTTTTCGTT	0.23748984146513175
GGTAATGGTTGTCGGGTAAA	GGTAATGGTTGTCTGGTAAA	0.3803656916617435
ACAACTGTTGGCCACGGAAC	ACAAGTGTTGGCCACGGAAC	0.8633886049974276
TGGTTGTCTGGTAAAAAGAC	TGGTTGTCTGGTAAAAGGAC	0.7750934575251811
CTGTACATACCCTTCGGGCA	CTGTACATAACCTTCGGGCA	0.9415065172727023
CATGTGGTCACGCTCTTCGT	CATGTGGTCACGCTTTTCGT	0.2574319216329045
AGTACAGGGCCATCGCCAAT	AGGACAGGGCCATCGCCAAT	0.6641658820799601
GGTTGTCTGGTAAACGGACA	GGTTGTCTGGTAAAAGGACA	0.49537264097972245
TGGTTGTCTGGTAAAAGTAC	TGGTTGTCTGGTAAAAGGAC	0.7287302844032695
CATCACCTTCACCCTCTCAA	CATCACCTTCACCCTCTCCA	0.34885927963829255
ATGTGGTCACGCTTTTCGAT	ATGTGGTCACGCTTTTCGTT	0.43257025446900244
CGTTCCTGTACGTAACCTTC	CGTTCCTGTACATAACCTTC	0.9723380844464459
GGTTGTCTGGTAAAAGGAGA	GGTTGTCTGGTAAAAGGACA	0.4144432821301507
ACAAGTGTTCGCCACGGAAC	ACAAGTGTTGGCCACGGAAC	1.0588740833964272
TTGTACATAACCTTCGGGCA	CTGTACATAACCTTCGGGCA	1.032721381671145
ATGGGGTCACGCTTTTCGTT	ATGTGGTCACGCTTTTCGTT	0.9414198763308679
AAAGGACAGATTGTCTCGAC	AAAGGACAGATTGTGTCGAC	-0.01080346657415232
AGTAGTGCTAATAAATTTAA	AGTAGTGCAAATAAATTTAA	0.9067048114622785
CGGAAACATCTTCAACGTTG	CGGAACCATCTTCAACGTTG	0.3081772745857153
CATCTAATTCAACAGGAATT	CATCTAATTCAACAAGAATT	0.700413673206308
CCTTCCTGTACATAACCTTC	CGTTCCTGTACATAACCTTC	0.9424975922297101
CCATCTAATTCAAAAAGAAT	CCATCTAATTCAACAAGAAT	0.012857043875183827
GCGTTCGTGTACATAACCTT	GCGTTCCTGTACATAACCTT	0.9872130127338167
TTTCGTTGGGATCTTTTGAA	TTTCGTTGGGATCTTTCGAA	0.3177353855629167
CGGAACCATCTTCAACGTGG	CGGAACCATCTTCAACGTTG	0.40418287943752396
TAACTCGATACGTTTAACAA	TAACTCGATACGATTAACAA	0.651423651576967
CGTTCCTGTATATAACCTTC	CGTTCCTGTACATAACCTTC	0.9086832207987625
TAACGCGATACGATTAACAA	TAACTCGATACGATTAACAA	0.5822093339318996
GCGTTCCTGTACATAAGCTT	GCGTTCCTGTACATAACCTT	0.8979161151254346
TCATGCCGTTTCAAGTGATC	TCATGCCGTTTCATGTGATC	0.24194142680763775
CGGAACCATCTACAACGTTG	CGGAACCATCTTCAACGTTG	0.39068010619234816
TTTCGTTGGGATCTTTAGAA	TTTCGTTGGGATCTTTCGAA	0.014058163199197282
AGGACAGCGCCATCGCCAAT	AGGACAGGGCCATCGCCAAT	0.9257250895594111
GACTTCAGCACGCGTCTTGC	GACTTCAGCACGCGTCTTGT	0.2146654001900743
CAGATTGTCTCGACAGGTAA	CAGATTGTGTCGACAGGTAA	0.8195337250996867
GGTAATGGCTGTCTGGTAAA	GGTAATGGTTGTCTGGTAAA	0.98607145510759
GACTTCAGCACGCGTCATGT	GACTTCAGCACGCGTCTTGT	0.868194319491083
AAGGGACAGATTGTGTCGAC	AAAGGACAGATTGTGTCGAC	1.0131117839426116
ACAAGTGTAGGCCACGGAAC	ACAAGTGTTGGCCACGGAAC	0.9713422316412272
GGAAAAGCATTGAACACTAT	GGAAAAGCATTGAACACCAT	0.517520093131184
GTCGCCAGGTAATGGTTGTC	GTCGACAGGTAATGGTTGTC	0.9633915964619727
CGTTCCTTTACATAACCTTC	CGTTCCTGTACATAACCTTC	0.8561173278017085
CATCTAATTCAATAAGAATT	CATCTAATTCAACAAGAATT	0.38819667794708845
TGGTTGTCTGGTAAAAGGAT	TGGTTGTCTGGTAAAAGGAC	0.030881325382410507
CATGTGGTCACGATTTTCGT	CATGTGGTCACGCTTTTCGT	0.2631411708593052
GTCAGAGTAGTGACAAGTGC	GTCAGAGTAGTGACAAGTGT	0.07428098180498677
GGTTGACTGGTAAAAGGACA	GGTTGTCTGGTAAAAGGACA	0.8934776152011448
AGTAGTGCAAATAAAGTTAA	AGTAGTGCAAATAAATTTAA	0.4349902020280091
CTCGACAGGTAATGGTTGTC	GTCGACAGGTAATGGTTGTC	0.9153256616617675
TGGTTGTCCGGTAAAAGGAC	TGGTTGTCTGGTAAAAGGAC	0.7525271590243507
TCATGCCGTTTCATGCGATC	TCATGCCGTTTCATGTGATC	0.7510659381459571
CATGTGGTCACGGTTTTCGT	CATGTGGTCACGCTTTTCGT	0.521195246000856
CATCACCTTTACCCTCTCCA	CATCACCTTCACCCTCTCCA	0.9676136699528841
TTTCGTTGGGATCTCTCGAA	TTTCGTTGGGATCTTTCGAA	0.015073808748844786
TATGTGGTCACGCTTTTCGT	CATGTGGTCACGCTTTTCGT	0.970933843694563
CAAACTCAAGAAGGATCATG	CAAACTCAAGAAGGACCATG	0.7264318158665544
CATGTGGTCACGCTTTACGT	CATGTGGTCACGCTTTTCGT	0.1829996888992682
TTTCATGTGATCCGCATAAC	TTTCATGTGATCCGGATAAC	0.3564500692371305
GGAACAGCATTGAACACCAT	GGAAAAGCATTGAACACCAT	0.711905344144389
CATCACCTTCACCCTCGCCA	CATCACCTTCACCCTCTCCA	0.9878677911463688
ACAAGAGTTGGCCACGGAAC	ACAAGTGTTGGCCACGGAAC	0.9868014277480152
ATGTGGTTACGCTTTTCGTT	ATGTGGTCACGCTTTTCGTT	1.0739386961893178
GGTAATGGTGGTCTGGTAAA	GGTAATGGTTGTCTGGTAAA	0.9091986485819649
TTGGAGTAATTTGTTGATAA	TTGGAGTATTTTGTTGATAA	0.5420322729227013
CAGATTGTTTCGACAGGTAA	CAGATTGTGTCGACAGGTAA	0.8141202778295965
GACTTCATCACGCGTCTTGT	GACTTCAGCACGCGTCTTGT	0.939867613259168
CAGCTAATTCAACAAGAATT	CATCTAATTCAACAAGAATT	0.9153340280403038
GTTGACAGGTAATGGTTGTC	GTCGACAGGTAATGGTTGTC	0.9459562703277045
CATCTAATTCAACAAGCATT	CATCTAATTCAACAAGAATT	0.3542735888853784
GGTAATGGTTGTCTGGGAAA	GGTAATGGTTGTCTGGTAAA	0.7222443705436634
GTCGACAGCTAATGGTTGTC	GTCGACAGGTAATGGTTGTC	0.918314415038139
CCTGTGGTCACGCTTTTCGT	CATGTGGTCACGCTTTTCGT	0.9914130400597239
GCGTTCCTGTACATAACCTG	GCGTTCCTGTACATAACCTT	0.33641485731707876
GTCGACAGGTAATGTTTGTC	GTCGACAGGTAATGGTTGTC	0.5125802060206125
CCATCTAATTCAACAACAAT	CCATCTAATTCAACAAGAAT	0.01892841993483041
TTGGAGTATTTTGGTGATAA	TTGGAGTATTTTGTTGATAA	0.32408293368191976
CAAACTCAAGAGGGACCATG	CAAACTCAAGAAGGACCATG	1.0813262003209012
TTTCCTGTGATCCGGATAAC	TTTCATGTGATCCGGATAAC	0.9006904596219161
CAGATTGTGTCGGCAGGTAA	CAGATTGTGTCGACAGGTAA	1.064884114280426
CATGTGGTCATGCTTTTCGT	CATGTGGTCACGCTTTTCGT	0.825630545298585
AGTAGTGCAAATAAATATAA	AGTAGTGCAAATAAATTTAA	0.462562203775016
GGATGTCTGGTAAAAGGACA	GGTTGTCTGGTAAAAGGACA	0.9484330689406895
GGAAAAGCACTGAACACCAT	GGAAAAGCATTGAACACCAT	0.9323085153687186
GTAGTGACAAGTGTTGGACA	GTAGTGACAAGTGTTGGCCA	0.35935809718714384
GGAAAAGCATTGAACACCAA	GGAAAAGCATTGAACACCAT	0.3140979515185831
GTTTCATGTGATCAGGATAA	GTTTCATGTGATCCGGATAA	0.32063858741353
CAGTAGTGCAAATACATTTA	CAGTAGTGCAAATAAATTTA	0.484701267712371
ATGTGGTCACACTTTTCGTT	ATGTGGTCACGCTTTTCGTT	0.37915021153529715
GCAGTGACAAGTGTTGGCCA	GTAGTGACAAGTGTTGGCCA	0.9191300900358995
CGTTCCTGTACTTAACCTTC	CGTTCCTGTACATAACCTTC	0.9452909301493607
CATTCCTGTACATAACCTTC	CGTTCCTGTACATAACCTTC	0.9675444713551423
TATCATGTGATCCGGATAAC	TTTCATGTGATCCGGATAAC	0.7502683681819704
GGAAAAGCATTGAACACCAC	GGAAAAGCATTGAACACCAT	0.19456560483125118
GACTTCAGCACACGTCTTGT	GACTTCAGCACGCGTCTTGT	0.822092035350678
GTAGTGACAAGTGTTAGCCA	GTAGTGACAAGTGTTGGCCA	0.3478011468747495
AAATGACAGATTGTGTCGAC	AAAGGACAGATTGTGTCGAC	0.9869133177279472
TCTCGTTGGGATCTTTCGAA	TTTCGTTGGGATCTTTCGAA	0.9742834026390887
ACAAGTGTTGGCCACGGGAC	ACAAGTGTTGGCCACGGAAC	1.0347530589054976
ATTCATGTGATCCGGATAAC	TTTCATGTGATCCGGATAAC	0.8182699296051986
CAGATTCTGTCGACAGGTAA	CAGATTGTGTCGACAGGTAA	0.9366600961776941
CGCAACCATCTTCAACGTTG	CGGAACCATCTTCAACGTTG	0.6072079585782872
CATCACCTTCGCCCTCTCCA	CATCACCTTCACCCTCTCCA	1.1216244825337198
GACTTCAGCAGGCGTCTTGT	GACTTCAGCACGCGTCTTGT	0.9603633019282055
GGAATAGCATTGAACACCAT	GGAAAAGCATTGAACACCAT	0.969663066114411
CCAAGTGTTGGCCACGGAAC	ACAAGTGTTGGCCACGGAAC	1.0567024276499908
ATGTGGTCCCGCTTTTCGTT	ATGTGGTCACGCTTTTCGTT	0.9929080291202697
CTGTAGTGCAAATAAATTTA	CAGTAGTGCAAATAAATTTA	0.9788851418809783
TCATGGCGTTTCATGTGATC	TCATGCCGTTTCATGTGATC	0.4030378352834685
GGTAATGGTTGTCTGGTACA	GGTAATGGTTGTCTGGTAAA	0.38206697767999775
CAGATTGTGTCGAAAGGTAA	CAGATTGTGTCGACAGGTAA	0.3098674228643401
GGTTGTCTGGGAAAAGGACA	GGTTGTCTGGTAAAAGGACA	0.9698475501094939
ATAATGGTCAGCTAGTTGAA	ATAATGGTCTGCTAGTTGAA	0.9156545090082268
TATCTCGATACGATTAACAA	TAACTCGATACGATTAACAA	0.5848932663611
GGAAAAGCATCGAACACCAT	GGAAAAGCATTGAACACCAT	0.9447904028484315
GACTTCAGCACGCGTCTAGT	GACTTCAGCACGCGTCTTGT	0.5172603485485683
CAAACTCAAGAAGGACAATG	CAAACTCAAGAAGGACCATG	0.8643447900810197
CAGAAGTGCAAATAAATTTA	CAGTAGTGCAAATAAATTTA	0.6146566370179145
CATCACCTTCACCCTCTCTA	CATCACCTTCACCCTCTCCA	0.7514954122483675
GGTTCATGTGATCCGGATAA	GTTTCATGTGATCCGGATAA	0.9994197443785775
CATCTAATTCAAAAAGAATT	CATCTAATTCAACAAGAATT	0.042731712695791235
ATGTGGTCACGCTTTACGTT	ATGTGGTCACGCTTTTCGTT	0.06120314809709404
AAAGGACAGTTTGTGTCGAC	AAAGGACAGATTGTGTCGAC	0.9708837413029325
TAATTCGATACGATTAACAA	TAACTCGATACGATTAACAA	0.44841852303176055
AGGAACCATCTTCAACGTTG	CGGAACCATCTTCAACGTTG	1.0261639138871856
CAAACTCAAGAAGGACTATG	CAAACTCAAGAAGGACCATG	0.8686310980524651
GTAGTGACAAGTGTCGGCCA	GTAGTGACAAGTGTTGGCCA	0.34500249987183795
GCGTTCCAGTACATAACCTT	GCGTTCCTGTACATAACCTT	1.0095896519027487
TTGGAGTATTTTGTTGATAG	TTGGAGTATTTTGTTGATAA	0.2525120455275325
CAAACTCAAGGAGGACCATG	CAAACTCAAGAAGGACCATG	1.0475078494398458
TTCGACAGGTAATGGTTGTC	GTCGACAGGTAATGGTTGTC	0.923520370468901
GTAAGAGTAGTGACAAGTGT	GTCAGAGTAGTGACAAGTGT	0.8237780541503715
CCATCTAATTCAACAAGACT	CCATCTAATTCAACAAGAAT	0.12807510005555145
ACAAGTGTTGGCCACGGAAG	ACAAGTGTTGGCCACGGAAC	0.2471935410443339
CTGTACATAACCTTAGGGCA	CTGTACATAACCTTCGGGCA	0.3892323315663774
GTCGACAGGTAATGGTTGTT	GTCGACAGGTAATGGTTGTC	0.364900511679201
CAAACTCAAGAAGGACCCTG	CAAACTCAAGAAGGACCATG	0.39151491895196877
GCGTTCCTGTACAGAACCTT	GCGTTCCTGTACATAACCTT	0.621157369436725
TTAGTGACAAGTGTTGGCCA	GTAGTGACAAGTGTTGGCCA	1.0581621397396015
ACAAGTGTTGGCCATGGAAC	ACAAGTGTTGGCCACGGAAC	0.8248980662912337
CTGTACATAACCTTCGGTCA	CTGTACATAACCTTCGGGCA	0.3554283853039565
CGGAACCATCTTCAACCTTG	CGGAACCATCTTCAACGTTG	0.202908750453208
GGTTGTCTTGTAAAAGGACA	GGTTGTCTGGTAAAAGGACA	0.9075562563934428
CAGATTGTGTCGACAGGCAA	CAGATTGTGTCGACAGGTAA	0.8362686894900956
GTAGTGACTAGTGTTGGCCA	GTAGTGACAAGTGTTGGCCA	0.9537562555090432
GACGTCAGCACGCGTCTTGT	GACTTCAGCACGCGTCTTGT	0.9025597423042042
CAGTAGTGCAAATAAACTTA	CAGTAGTGCAAATAAATTTA	0.485248104619068
CATCACCGTCACCCTCTCCA	CATCACCTTCACCCTCTCCA	0.9687350289621932
GGAAAAGCAGTGAACACCAT	GGAAAAGCATTGAACACCAT	0.9657909007552905
TAACTAGATACGATTAACAA	TAACTCGATACGATTAACAA	0.5473122581499898
CCATCTAATTCCACAAGAAT	CCATCTAATTCAACAAGAAT	0.5944891725773047
TTTCATGTGATCCGGATAAT	TTTCATGTGATCCGGATAAC	0.10332280808859928
TGGTTGTCTGGTACAAGGAC	TGGTTGTCTGGTAAAAGGAC	0.7240813535663683
ATGTGGTCACGCTTTTCCTT	ATGTGGTCACGCTTTTCGTT	0.022455785935435513
CATGTGGTCACGCTTTTCCT	CATGTGGTCACGCTTTTCGT	-0.0638409109052076
GTCAGAGTAGTGAAAAGTGT	GTCAGAGTAGTGACAAGTGT	0.38582647882846177
CCGAACCATCTTCAACGTTG	CGGAACCATCTTCAACGTTG	0.6571682355062775
CAGTAGTGCAAATAAGTTTA	CAGTAGTGCAAATAAATTTA	0.686624790003646
TTTCGTTGGGATCTTTCGAT	TTTCGTTGGGATCTTTCGAA	0.11504891542035367
TAACTCGATACGATTAGCAA	TAACTCGATACGATTAACAA	0.6415726948727152
CATGTGGTCTCGCTTTTCGT	CATGTGGTCACGCTTTTCGT	0.5515848160766803
CAGTAGTGCAAATAATTTTA	CAGTAGTGCAAATAAATTTA	0.488141307837602
CCATCTTATTCAACAAGAAT	CCATCTAATTCAACAAGAAT	0.750455196834156
TCATGCCGTTTCGTGTGATC	TCATGCCGTTTCATGTGATC	1.0349746777431599
TCATGCCGTGTCATGTGATC	TCATGCCGTTTCATGTGATC	0.9866832425611081
CTGTACATAACCTTCGGGTA	CTGTACATAACCTTCGGGCA	0.4189220227628242
TCAGGCCGTTTCATGTGATC	TCATGCCGTTTCATGTGATC	1.0416553955741563
GCGTTCCTGTACATAACGTT	GCGTTCCTGTACATAACCTT	0.3786909543966578
GGTAATGGTTGTCTGGAAAA	GGTAATGGTTGTCTGGTAAA	0.8890782490825367
GTCGACAGGGAATGGTTGTC	GTCGACAGGTAATGGTTGTC	0.9586224118815793
CTGTACATAACCTTCGGCCA	CTGTACATAACCTTCGGGCA	0.35887179603893604
CGGAACCATCGTCAACGTTG	CGGAACCATCTTCAACGTTG	0.5815800845418226
GGTAATCGTTGTCTGGTAAA	GGTAATGGTTGTCTGGTAAA	0.8235538484323152
GAACTCGATACGATTAACAA	TAACTCGATACGATTAACAA	1.1054685403984374
GTAGTGACAATTGTTGGCCA	GTAGTGACAAGTGTTGGCCA	0.8921835129186702
TTGGAGTATTTTTTTGATAA	TTGGAGTATTTTGTTGATAA	-0.13406472106585232
GTAGTGACAACTGTTGGCCA	GTAGTGACAAGTGTTGGCCA	0.9276925306374113
AGGACAGGGGCATCGCCAAT	AGGACAGGGCCATCGCCAAT	0.9960457373658951
AGGACAGGGCCATCGCCGAT	AGGACAGGGCCATCGCCAAT	0.8366294014553218
ATGTGGTCACGCTTTTTGTT	ATGTGGTCACGCTTTTCGTT	0.460600690481197
TTGGAGTATTTTGTAGATAA	TTGGAGTATTTTGTTGATAA	0.06458339667675428
GACTTCAGCACGCGTCTTAT	GACTTCAGCACGCGTCTTGT	0.09484815468326602
ATAATGGTCTGCTATTTGAA	ATAATGGTCTGCTAGTTGAA	0.447629323490362
GTCTACAGGTAATGGTTGTC	GTCGACAGGTAATGGTTGTC	0.963229189732487
CCTCTAATTCAACAAGAATT	CATCTAATTCAACAAGAATT	0.914412951387386
CAGATTGTGTCGACAGGAAA	CAGATTGTGTCGACAGGTAA	0.8518185448421592
GACTTCAGCACCCGTCTTGT	GACTTCAGCACGCGTCTTGT	0.473313340526054
AGTAGTGCAAATAGATTTAA	AGTAGTGCAAATAAATTTAA	0.7643215781051255
CATCTAATTCAACAAGACTT	CATCTAATTCAACAAGAATT	0.3684790847402093
CATCACCTTCACCATCTCCA	CATCACCTTCACCCTCTCCA	0.7263202882958517
CATCACCTTCACCCTCTGCA	CATCACCTTCACCCTCTCCA	0.9431354117081389
GTTTCATGAGATCCGGATAA	GTTTCATGTGATCCGGATAA	1.0393905997016346
AGTAGTGCAAATAAACTTAA	AGTAGTGCAAATAAATTTAA	0.5205364056279773
CGTTCCTGCACATAACCTTC	CGTTCCTGTACATAACCTTC	0.9137126424040027
AAAGGACAGATTATGTCGAC	AAAGGACAGATTGTGTCGAC	0.28867993663503655
CATGTGGTCACGCTTTTCGA	CATGTGGTCACGCTTTTCGT	0.07664761173943402
GTTTCATGTGATCCGGATAG	GTTTCATGTGATCCGGATAA	0.46819425408582804
TTGGAGTATTTTCTTGATAA	TTGGAGTATTTTGTTGATAA	0.016025821663576023
GTCGACAGGTAATGGTTTTC	GTCGACAGGTAATGGTTGTC	0.4002052312077182
CGGAACCATCTTTAACGTTG	CGGAACCATCTTCAACGTTG	0.5635537964873935
CGTTCCTGTACATAACCATC	CGTTCCTGTACATAACCTTC	0.37302352857220544
AGGACAGGGCCATCGCCAAA	AGGACAGGGCCATCGCCAAT	0.08427145468995678
GGTTGTCTGGTAAAAGGACG	GGTTGTCTGGTAAAAGGACA	0.39175779954555456
TGGTTGTCTGGTTAAAGGAC	TGGTTGTCTGGTAAAAGGAC	0.8728902148672455
CAGTAGTGCAAATAAATTCA	CAGTAGTGCAAATAAATTTA	0.48135617776050355
GTCGTGACAAGTGTTGGCCA	GTAGTGACAAGTGTTGGCCA	0.849517487227513
TCATGCCGTTACATGTGATC	TCATGCCGTTTCATGTGATC	0.4848912809940158
ACAAGTGTTGGGCACGGAAC	ACAAGTGTTGGCCACGGAAC	0.9033433539020848
CGGTCCTGTACATAACCTTC	CGTTCCTGTACATAACCTTC	0.9129276914109036
ACATGTGTTGGCCACGGAAC	ACAAGTGTTGGCCACGGAAC	0.9368800684413341
CAGCACCTTCACCCTCTCCA	CATCACCTTCACCCTCTCCA	1.07699560922016
TTGGAGTATTTCGTTGATAA	TTGGAGTATTTTGTTGATAA	0.46145401782107054
AGGACAGGGCTATCGCCAAT	AGGACAGGGCCATCGCCAAT	0.9054649982331109
TTGGAGAATTTTGTTGATAA	TTGGAGTATTTTGTTGATAA	0.4091566676219618
GTAGTGACAAGTGTTTGCCA	GTAGTGACAAGTGTTGGCCA	0.8449918913021842
TTGGAGTATTGTGTTGATAA	TTGGAGTATTTTGTTGATAA	0.41832460674985006
ATAATGGTATGCTAGTTGAA	ATAATGGTCTGCTAGTTGAA	0.9040304332467342
GTCAGAGTAGTGACAAGTGA	GTCAGAGTAGTGACAAGTGT	0.12172579257175131
TTTCATGTGGTCCGGATAAC	TTTCATGTGATCCGGATAAC	0.9829930712901933
GGAAACGCATTGAACACCAT	GGAAAAGCATTGAACACCAT	0.9942802241838542
AAAGGACAAATTGTGTCGAC	AAAGGACAGATTGTGTCGAC	0.9041873103254978
GTAGTGACAAGTGTTGGCCC	GTAGTGACAAGTGTTGGCCA	0.2967464886504624
TTTCGTTGGGACCTTTCGAA	TTTCGTTGGGATCTTTCGAA	0.6704151571959257
CAAACTCAAGAAGCACCATG	CAAACTCAAGAAGGACCATG	-0.014937734260481506
ATAATGGTCTGCTAGTGGAA	ATAATGGTCTGCTAGTTGAA	0.7028563357446347
AGAACAGGGCCATCGCCAAT	AGGACAGGGCCATCGCCAAT	0.9132084185284197
CTGTACATAACCTCCGGGCA	CTGTACATAACCTTCGGGCA	0.8322327297839104
CAGATTGTGTCGACAGATAA	CAGATTGTGTCGACAGGTAA	0.6237120214699547
TTGGAGTATTTTGTTGAAAA	TTGGAGTATTTTGTTGATAA	0.16602672800325236
GCTTCATGTGATCCGGATAA	GTTTCATGTGATCCGGATAA	1.027095874893026
GTTTTATGTGATCCGGATAA	GTTTCATGTGATCCGGATAA	0.9378981704084476
GTTCGTTGGGATCTTTCGAA	TTTCGTTGGGATCTTTCGAA	1.008155106669305
TTGGAGTATGTTGTTGATAA	TTGGAGTATTTTGTTGATAA	0.43443610874116523
GACTTCGGCACGCGTCTTGT	GACTTCAGCACGCGTCTTGT	0.9892966314351249
AGGTGGTCACGCTTTTCGTT	ATGTGGTCACGCTTTTCGTT	1.079298797463702
CATCCCCTTCACCCTCTCCA	CATCACCTTCACCCTCTCCA	1.0250457471350074
CAGATTGTGTCGACAGGTTA	CAGATTGTGTCGACAGGTAA	0.9046205650403495
TAACTCGATACGAATAACAA	TAACTCGATACGATTAACAA	0.6597596087171265
CCATCTAATTCATCAAGAAT	CCATCTAATTCAACAAGAAT	0.477816826865635
CATGTGGTCACGCTTCTCGT	CATGTGGTCACGCTTTTCGT	0.44730220921078223
GCGTTCCGGTACATAACCTT	GCGTTCCTGTACATAACCTT	0.9766712156745714
GACTTCAGGACGCGTCTTGT	GACTTCAGCACGCGTCTTGT	0.9350364833769345
GGAAAAGCTTTGAACACCAT	GGAAAAGCATTGAACACCAT	0.9232820085894762
TAACTCGAAACGATTAACAA	TAACTCGATACGATTAACAA	0.49910401263917725
CATGTGGTTACGCTTTTCGT	CATGTGGTCACGCTTTTCGT	0.7120755545148498
ATAATGGTCTGCTAGTTGAT	ATAATGGTCTGCTAGTTGAA	0.20811490068024519
GATCTAATTCAACAAGAATT	CATCTAATTCAACAAGAATT	1.0468848329875409
TTTCATGTGATGCGGATAAC	TTTCATGTGATCCGGATAAC	0.7602917442271248
GGTTGTCTGGAAAAAGGACA	GGTTGTCTGGTAAAAGGACA	0.978899315872318
CATCTAATTCCACAAGAATT	CATCTAATTCAACAAGAATT	0.39114444534411796
GTTTCATGTGATCTGGATAA	GTTTCATGTGATCCGGATAA	0.4977000845533488
TGGTTGTCTGGTAAAAGGGC	TGGTTGTCTGGTAAAAGGAC	0.7395651629761749
CAGATTGTGTCGACAGGTCA	CAGATTGTGTCGACAGGTAA	0.33025415615907505
ATAATGGTCTGCTAGTTCAA	ATAATGGTCTGCTAGTTGAA	0.37822304242157445
GTTTCATGTGACCCGGATAA	GTTTCATGTGATCCGGATAA	0.8907905157143132
GCGTGCCTGTACATAACCTT	GCGTTCCTGTACATAACCTT	0.9141376484267679
CCAGCTAATTCAACAAGAAT	CCATCTAATTCAACAAGAAT	0.6926271474350733
AGTAGTGCCAATAAATTTAA	AGTAGTGCAAATAAATTTAA	0.9760385840200353
TTTCATGTGATCCAGATAAC	TTTCATGTGATCCGGATAAC	0.5414131669230906
CATCTAATTCAACGAGAATT	CATCTAATTCAACAAGAATT	0.4002985023123443
GTTTCACGTGATCCGGATAA	GTTTCATGTGATCCGGATAA	0.9078583974410371
GTCAGAGTAGTGACAAATGT	GTCAGAGTAGTGACAAGTGT	0.322308107979389
TTTCGGTGGGATCTTTCGAA	TTTCGTTGGGATCTTTCGAA	0.853026618494155
AGTAGTTCAAATAAATTTAA	AGTAGTGCAAATAAATTTAA	0.679230809740105
GTCAGAGTAGTAACAAGTGT	GTCAGAGTAGTGACAAGTGT	0.8150346316956563
AGGACAGGACCATCGCCAAT	AGGACAGGGCCATCGCCAAT	0.9349169620721689
TTTCGTTGGGATCTTTCGAG	TTTCGTTGGGATCTTTCGAA	0.11757727676916929
CGGAACCATCTTCAACGGTG	CGGAACCATCTTCAACGTTG	0.49097256400331024
TTTCATGTGATCCGGATAAG	TTTCATGTGATCCGGATAAC	0.2543995637035965
AGGACAGGGCCGTCGCCAAT	AGGACAGGGCCATCGCCAAT	0.7703317948039078
CGTTCCTGTACATCACCTTC	CGTTCCTGTACATAACCTTC	0.6646358244332029
GACTTCAGCTCGCGTCTTGT	GACTTCAGCACGCGTCTTGT	0.94939497593443
AGTAGTGCAAAAAAATTTAA	AGTAGTGCAAATAAATTTAA	0.4246219490237244
CATGTGGTCACGCTTATCGT	CATGTGGTCACGCTTTTCGT	0.2980354709138915
GACAGAGTAGTGACAAGTGT	GTCAGAGTAGTGACAAGTGT	0.8895353259368453
GCGTTCCTGTTCATAACCTT	GCGTTCCTGTACATAACCTT	0.9875091663331346
AGGACAGGGCCATCCCCAAT	AGGACAGGGCCATCGCCAAT	0.2204261653467675
GTGAGAGTAGTGACAAGTGT	GTCAGAGTAGTGACAAGTGT	0.8444170182373899
GTTTCATGTGATCCGGGTAA	GTTTCATGTGATCCGGATAA	0.6782055563140117
CATCTAATTCAACAAGAGTT	CATCTAATTCAACAAGAATT	0.9333288010803318
TAACTCGATACGATTAACAT	TAACTCGATACGATTAACAA	0.12019472856819802
TTGGAGTATTTTGTTGGTAA	TTGGAGTATTTTGTTGATAA	0.4792407997928848
AGTAGTGTAAATAAATTTAA	AGTAGTGCAAATAAATTTAA	1.1066101322857096
TGGTTGTCTTGTAAAAGGAC	TGGTTGTCTGGTAAAAGGAC	0.27971740084235297
CATCTAATTCAACCAGAATT	CATCTAATTCAACAAGAATT	0.34690720707904577
TGGTTGTCTGGAAAAAGGAC	TGGTTGTCTGGTAAAAGGAC	0.6307509951172104
CATTTAATTCAACAAGAATT	CATCTAATTCAACAAGAATT	0.5850615752419852
CAAACTCAAGAAGAACCATG	CAAACTCAAGAAGGACCATG	0.528107306970635
GTTTCATGTGATCCCGATAA	GTTTCATGTGATCCGGATAA	0.05921645461987368
GTAAAAGCATTGAACACCAT	GGAAAAGCATTGAACACCAT	0.9288983826557843
ACAAGTGTTGGCCACGGACC	ACAAGTGTTGGCCACGGAAC	0.34894992630457566
TTTCGTTGGGATCTTACGAA	TTTCGTTGGGATCTTTCGAA	-0.17310990484962674
AGGACAGGGCCATCGCCATT	AGGACAGGGCCATCGCCAAT	0.306602124308355
CGTTCCTGTACATAACTTTC	CGTTCCTGTACATAACCTTC	0.9260080265782042
CATCACCTCCACCCTCTCCA	CATCACCTTCACCCTCTCCA	1.0046725772424048
CTGTACATAACCTTTGGGCA	CTGTACATAACCTTCGGGCA	0.45914573519044777
CATCACCTTCACCCTCACCA	CATCACCTTCACCCTCTCCA	1.1555281778505444
GCGTTCCTGTACATGACCTT	GCGTTCCTGTACATAACCTT	0.9936322248440999
ATGTGGTCGCGCTTTTCGTT	ATGTGGTCACGCTTTTCGTT	1.1005329663317098
GGTAATGGTTGTCAGGTAAA	GGTAATGGTTGTCTGGTAAA	0.45732616594663744
TGGGTGTCTGGTAAAAGGAC	TGGTTGTCTGGTAAAAGGAC	1.0991992879459214
AGAGGACAGATTGTGTCGAC	AAAGGACAGATTGTGTCGAC	0.9905156449594835
ACAAGTGTGGGCCACGGAAC	ACAAGTGTTGGCCACGGAAC	1.0397697420347256
GTAGTGACAAGTGTTGGGCA	GTAGTGACAAGTGTTGGCCA	0.5159520573773523
TTTCGTTGGGATCCTTCGAA	TTTCGTTGGGATCTTTCGAA	0.19777138446503362
TGGTTGTCTGCTAAAAGGAC	TGGTTGTCTGGTAAAAGGAC	0.38790765101986047
GCGTTCCTGTAGATAACCTT	GCGTTCCTGTACATAACCTT	1.0194507606940917
ATGTGGTCACGCTTTGCGTT	ATGTGGTCACGCTTTTCGTT	0.09565819368929906
TCATGCCGTTTTATGTGATC	TCATGCCGTTTCATGTGATC	1.1005299433888514
AGGACAGGGCCATCGCCAAG	AGGACAGGGCCATCGCCAAT	0.12684673735113627
GGTTGTCTGGTAATAGGACA	GGTTGTCTGGTAAAAGGACA	0.8823196009974088
TTGGAGTAGTTTGTTGATAA	TTGGAGTATTTTGTTGATAA	0.5011040003658199
CGTGTGGTCACGCTTTTCGT	CATGTGGTCACGCTTTTCGT	1.1019459085160617
TTTCGTTGGGATCTTTCGTA	TTTCGTTGGGATCTTTCGAA	0.181771824947354
GTCAGAGTTGTGACAAGTGT	GTCAGAGTAGTGACAAGTGT	0.8951842311127909
AAAGGACAGATTGGGTCGAC	AAAGGACAGATTGTGTCGAC	0.48679107256828846
ATGTGGTCACGCTTTTCATT	ATGTGGTCACGCTTTTCGTT	0.0735560212226376
GTCAGAGTAATGACAAGTGT	GTCAGAGTAGTGACAAGTGT	0.8634662294645075
TAACTCGATACGATTAACAC	TAACTCGATACGATTAACAA	0.24072298847928442
GAGTAGTGCAAATAAATTTA	CAGTAGTGCAAATAAATTTA	1.0036838925624025
TTATGCCGTTTCATGTGATC	TCATGCCGTTTCATGTGATC	0.917472156936874
GGTAATGGTTGTCTGGTTAA	GGTAATGGTTGTCTGGTAAA	0.669759597391833
GACTTCAGCATGCGTCTTGT	GACTTCAGCACGCGTCTTGT	0.9607375106910084
GCGTTCCTGCACATAACCTT	GCGTTCCTGTACATAACCTT	0.8498237457519403
GTCAGAGTAGTGACAACTGT	GTCAGAGTAGTGACAAGTGT	0.153812684208817
CATCTAATTCAACAAGAACT	CATCTAATTCAACAAGAATT	0.37661028629637827
TTTCATGTGATCTGGATAAC	TTTCATGTGATCCGGATAAC	1.0109748359097621
ACAATGGTCTGCTAGTTGAA	ATAATGGTCTGCTAGTTGAA	0.7786604051847655
GTCGACAGGTAATGGGTGTC	GTCGACAGGTAATGGTTGTC	0.9467576782736694
TCATGCCGTTTCTTGTGATC	TCATGCCGTTTCATGTGATC	0.8747491371221718
GTCGACAGGTAACGGTTGTC	GTCGACAGGTAATGGTTGTC	0.8430860451008959
TTTCGTTGAGATCTTTCGAA	TTTCGTTGGGATCTTTCGAA	0.43544634655890124
TGATTGTCTGGTAAAAGGAC	TGGTTGTCTGGTAAAAGGAC	0.768969766484427
CATCTAATTCGACAAGAATT	CATCTAATTCAACAAGAATT	0.9590723094650979
CGGAACCATCTTCAAAGTTG	CGGAACCATCTTCAACGTTG	-0.09107680037646615
ATAATGGTCTACTAGTTGAA	ATAATGGTCTGCTAGTTGAA	0.9137066997381258
GGTAATGGTTGTCTTGTAAA	GGTAATGGTTGTCTGGTAAA	0.10395367134783229
TGGTTGACTGGTAAAAGGAC	TGGTTGTCTGGTAAAAGGAC	1.0480241130395103
GCGTTCCTGTACATAACCTC	GCGTTCCTGTACATAACCTT	0.455016911961615
CGGAACCATCTTCTACGTTG	CGGAACCATCTTCAACGTTG	0.542991451935959
TAAGGACAGATTGTGTCGAC	AAAGGACAGATTGTGTCGAC	0.9960778973166898
GTAGGGACAAGTGTTGGCCA	GTAGTGACAAGTGTTGGCCA	1.0161712548827517
CCATCTAATTAAACAAGAAT	CCATCTAATTCAACAAGAAT	0.3122097612722765
ACGAGTGTTGGCCACGGAAC	ACAAGTGTTGGCCACGGAAC	1.0558162759122147
CCATCTAATTCAACATGAAT	CCATCTAATTCAACAAGAAT	0.4310693856427352
AGTAGTGCAAATTAATTTAA	AGTAGTGCAAATAAATTTAA	0.44972336954012226
GTAGTGACAAGTGTTGGTCA	GTAGTGACAAGTGTTGGCCA	0.8090324756446748
ATGTGGTCACGTTTTTCGTT	ATGTGGTCACGCTTTTCGTT	0.6818926650382875
ATGTGGTCACGCTTTTCTTT	ATGTGGTCACGCTTTTCGTT	0.09483630253021902
GCGTTCCCGTACATAACCTT	GCGTTCCTGTACATAACCTT	0.9880520354708944
ATAATGGTCTGCTAGGTGAA	ATAATGGTCTGCTAGTTGAA	1.007728277886378
AAACGACAGATTGTGTCGAC	AAAGGACAGATTGTGTCGAC	0.8949150736673525
GTTTCATGCGATCCGGATAA	GTTTCATGTGATCCGGATAA	1.0328540852514234
CATGTGGTCAGGCTTTTCGT	CATGTGGTCACGCTTTTCGT	0.7459291006929464
CAGTAGTGGAAATAAATTTA	CAGTAGTGCAAATAAATTTA	0.7689650186496675
CATCTAATTCAACAACAATT	CATCTAATTCAACAAGAATT	0.13970164757558656
ATGAGGTCACGCTTTTCGTT	ATGTGGTCACGCTTTTCGTT	0.9401429411607051
ATAATGGTTTGCTAGTTGAA	ATAATGGTCTGCTAGTTGAA	0.9059582497046642
CATCTAATTCACCAAGAATT	CATCTAATTCAACAAGAATT	0.404484948805208
CAAACTCAAGATGGACCATG	CAAACTCAAGAAGGACCATG	0.7431402285536017
TGGTTGTCTGGCAAAAGGAC	TGGTTGTCTGGTAAAAGGAC	1.1119968993382863
TTGGAGTATTTTGTTGACAA	TTGGAGTATTTTGTTGATAA	0.21664066668826365
GGTAATGGTTGTGTGGTAAA	GGTAATGGTTGTCTGGTAAA	0.9736266035367893
GGAAAAGCGTTGAACACCAT	GGAAAAGCATTGAACACCAT	0.9897234488871908
GACTTCAGCACGCGTCTGGT	GACTTCAGCACGCGTCTTGT	0.565943481289484
AGGACAGGCCCATCGCCAAT	AGGACAGGGCCATCGCCAAT	0.7573865882014243
ACAAGTGTTAGCCACGGAAC	ACAAGTGTTGGCCACGGAAC	1.041113387593318
TTTCATGTGATCCGGAAAAC	TTTCATGTGATCCGGATAAC	0.6049315215812827
GGTAAAGGTTGTCTGGTAAA	GGTAATGGTTGTCTGGTAAA	0.9621394379573552
AGTAGGGCAAATAAATTTAA	AGTAGTGCAAATAAATTTAA	0.9052752767378006
GTCTTCAGCACGCGTCTTGT	GACTTCAGCACGCGTCTTGT	0.9499975376016895
ATGTGGTCACGCTTGTCGTT	ATGTGGTCACGCTTTTCGTT	0.24949038434203552
CAGTAGTGCAAATAGATTTA	CAGTAGTGCAAATAAATTTA	0.9079276718072897
AGGACAGGGTCATCGCCAAT	AGGACAGGGCCATCGCCAAT	0.7649310564179291
ACAAGTGTTGCCCACGGAAC	ACAAGTGTTGGCCACGGAAC	0.6584540271276791
ACAAGCGTTGGCCACGGAAC	ACAAGTGTTGGCCACGGAAC	0.7308482880003082
CGGAACCATCTTCAACGTAG	CGGAACCATCTTCAACGTTG	0.34553298195048354
TCATGCCGTTTCATGTGATA	TCATGCCGTTTCATGTGATC	0.14536415011749493
CTGTACATAACCTTCGGACA	CTGTACATAACCTTCGGGCA	0.477999509327361
CAGTATTGCAAATAAATTTA	CAGTAGTGCAAATAAATTTA	0.6394593590508735
GGTTGTCTGGTAAAAGTACA	GGTTGTCTGGTAAAAGGACA	0.3643292145331203
CAATCTCAAGAAGGACCATG	CAAACTCAAGAAGGACCATG	0.8662698872750559
CAGTAGTGCAAATAAATATA	CAGTAGTGCAAATAAATTTA	0.4772676155682676
GTTGTGACAAGTGTTGGCCA	GTAGTGACAAGTGTTGGCCA	0.9910956827193435
GTCAGAGTAGTGACAAGAGT	GTCAGAGTAGTGACAAGTGT	0.40947454521432347
CATCACCTTGACCCTCTCCA	CATCACCTTCACCCTCTCCA	0.9706318390981176
CGGAGCCATCTTCAACGTTG	CGGAACCATCTTCAACGTTG	0.6783265580296329
ACAAGTGTTGGTCACGGAAC	ACAAGTGTTGGCCACGGAAC	0.9849609268903018
CAGTAGTGCAAATAAATTTT	CAGTAGTGCAAATAAATTTA	0.2918038515089315
TCACGCCGTTTCATGTGATC	TCATGCCGTTTCATGTGATC	0.9960519905669668
GGTTGTCTAGTAAAAGGACA	GGTTGTCTGGTAAAAGGACA	0.9223525519798175
ATAATGGTCTGCTAGTAGAA	ATAATGGTCTGCTAGTTGAA	0.7306197121719672
TTTCGTTGGGATGTTTCGAA	TTTCGTTGGGATCTTTCGAA	0.40452943276918873
CAGTAGTGCGAATAAATTTA	CAGTAGTGCAAATAAATTTA	0.9269526800185128
AAACTCGATACGATTAACAA	TAACTCGATACGATTAACAA	1.0230467624228101
GGTTGTCTGGTATAAGGACA	GGTTGTCTGGTAAAAGGACA	0.9251555450403708
CTGTACATAACCTTCAGGCA	CTGTACATAACCTTCGGGCA	0.44898371511081603
TTGGAGTATTATGTTGATAA	TTGGAGTATTTTGTTGATAA	0.3626037731753847
ATAATGGTCTGCTACTTGAA	ATAATGGTCTGCTAGTTGAA	0.31642224205083525
ATCGACAGGTAATGGTTGTC	GTCGACAGGTAATGGTTGTC	0.9119568384367458
GCTTGTCTGGTAAAAGGACA	GGTTGTCTGGTAAAAGGACA	0.7814385413246807
CGTTCCTGTACATAACCCTC	CGTTCCTGTACATAACCTTC	0.6490321797034917
TGGATGTCTGGTAAAAGGAC	TGGTTGTCTGGTAAAAGGAC	0.8248952954803295
AGGACAGGGCCAACGCCAAT	AGGACAGGGCCATCGCCAAT	0.4406607949339615
CATCTCATTCAACAAGAATT	CATCTAATTCAACAAGAATT	0.5824266295270852
CAGATTGTGTCGAGAGGTAA	CAGATTGTGTCGACAGGTAA	0.704467342659002
CGTTCCTGTACATAAACTTC	CGTTCCTGTACATAACCTTC	0.4274715244323215
GCGTCCCTGTACATAACCTT	GCGTTCCTGTACATAACCTT	0.9573322400023097
GGTAATGGTTGTCTCGTAAA	GGTAATGGTTGTCTGGTAAA	0.2078214723163665
CAAACTCAAGAAGGACCATC	CAAACTCAAGAAGGACCATG	0.11493636111656425
TTGGAGTATTTTGTTGATGA	TTGGAGTATTTTGTTGATAA	0.2853893424514622
CATCTACTTCAACAAGAATT	CATCTAATTCAACAAGAATT	0.783641095748481
GACTTCAGCACGCGTTTTGT	GACTTCAGCACGCGTCTTGT	0.3595462346911136
CATCTAATTTAACAAGAATT	CATCTAATTCAACAAGAATT	0.42689234250948016
AGGACAGGGCCATTGCCAAT	AGGACAGGGCCATCGCCAAT	0.23777227451129068
CAGATTGTGTCGACAGGTAT	CAGATTGTGTCGACAGGTAA	0.266118281608561
CATGTGGTCCCGCTTTTCGT	CATGTGGTCACGCTTTTCGT	0.8247622444668821
GACTTCAGCACGCGTCCTGT	GACTTCAGCACGCGTCTTGT	0.544046117023053
AGTAGTACAAATAAATTTAA	AGTAGTGCAAATAAATTTAA	0.7596867730475277
CTGTACATAACCTTCGGGCG	CTGTACATAACCTTCGGGCA	0.5455804704301658
GATAATGGTTGTCTGGTAAA	GGTAATGGTTGTCTGGTAAA	0.9860780053808459
CATGTGGTCAAGCTTTTCGT	CATGTGGTCACGCTTTTCGT	0.5345824369812935
ATGACAGGGCCATCGCCAAT	AGGACAGGGCCATCGCCAAT	1.0851865880416884
CAAACTCAAGAAGGACCTTG	CAAACTCAAGAAGGACCATG	0.5421602148177376
TGGTTGTCTGGTAAAACGAC	TGGTTGTCTGGTAAAAGGAC	0.35173600096995195
TGGTTGTCTGGTAAAAGGAG	TGGTTGTCTGGTAAAAGGAC	0.8398134412904623
GGTTGTCTGGCAAAAGGACA	GGTTGTCTGGTAAAAGGACA	0.8529802295844708
CATGTGGTAACGCTTTTCGT	CATGTGGTCACGCTTTTCGT	0.5322090562462657
CGAAAAGCATTGAACACCAT	GGAAAAGCATTGAACACCAT	0.9348970821881082
CGTTCCTGTACATAACGTTC	CGTTCCTGTACATAACCTTC	0.9025841951543789
GCGTTCCTGTACATAGCCTT	GCGTTCCTGTACATAACCTT	0.5777697865343847
TAACTCGATACGATTAACTA	TAACTCGATACGATTAACAA	0.3325632080105565
CGTTCCTGTACATAACCTTT	CGTTCCTGTACATAACCTTC	0.35407324071745805
TCATCCCGTTTCATGTGATC	TCATGCCGTTTCATGTGATC	0.8275278949969587
CAAACTCAATAAGGACCATG	CAAACTCAAGAAGGACCATG	0.3779674228397438
ATCATGGTCTGCTAGTTGAA	ATAATGGTCTGCTAGTTGAA	0.5841929838024973
CAAACTCAAGAAGGACCATT	CAAACTCAAGAAGGACCATG	0.28679018678236967
GGATAAGCATTGAACACCAT	GGAAAAGCATTGAACACCAT	0.8932868982127209
AGGACAGGGCCATCTCCAAT	AGGACAGGGCCATCGCCAAT	-0.04881483318297386
GTAGTGACAAGTTTTGGCCA	GTAGTGACAAGTGTTGGCCA	0.8895581050675871
TTGTAGTATTTTGTTGATAA	TTGGAGTATTTTGTTGATAA	0.09500830985824471
GTAGTGACAAGTGTTGGCCG	GTAGTGACAAGTGTTGGCCA	0.4408493100391788
TAACTCGATACGATTAACGA	TAACTCGATACGATTAACAA	0.41645759753633027
CATCACCTTCACACTCTCCA	CATCACCTTCACCCTCTCCA	0.4940884810335333
TTTAGTTGGGATCTTTCGAA	TTTCGTTGGGATCTTTCGAA	0.804308509467547
GTTCCATGTGATCCGGATAA	GTTTCATGTGATCCGGATAA	0.9489199019755953
GTAGAGACAAGTGTTGGCCA	GTAGTGACAAGTGTTGGCCA	0.9882534863191504
GGTTGTCTGGTAAAAGGAAA	GGTTGTCTGGTAAAAGGACA	0.08248416306071515
GGAAAAGCAATGAACACCAT	GGAAAAGCATTGAACACCAT	0.8382098488195704
TGGTTGTCTGGTAAAAGGAA	TGGTTGTCTGGTAAAAGGAC	0.7312840304437456
ATAATGGTCTGCCAGTTGAA	ATAATGGTCTGCTAGTTGAA	0.8592140201938077
CCATCAAATTCAACAAGAAT	CCATCTAATTCAACAAGAAT	0.544489190056946
GCGTTCCTTTACATAACCTT	GCGTTCCTGTACATAACCTT	0.9740180990303523
TAACTCGATATGATTAACAA	TAACTCGATACGATTAACAA	0.836669808314408
CTTTACATAACCTTCGGGCA	CTGTACATAACCTTCGGGCA	0.9019479832536123
CAGTAGTGCAAAGAAATTTA	CAGTAGTGCAAATAAATTTA	0.4876179425145265
ACAAGTGTTGGCCAGGGAAC	ACAAGTGTTGGCCACGGAAC	0.8332981850051581
CATCACCTTCACCCTTTCCA	CATCACCTTCACCCTCTCCA	0.8656727276659375
ACAAGTGTTGGCCACGGAGC	ACAAGTGTTGGCCACGGAAC	0.4830876199365033
GCGTTCCTGTACACAACCTT	GCGTTCCTGTACATAACCTT	0.9081220374719214
ATGATGGTCTGCTAGTTGAA	ATAATGGTCTGCTAGTTGAA	0.8214892530451126
TTGAAGTATTTTGTTGATAA	TTGGAGTATTTTGTTGATAA	0.11987333490414676
CAAACACAAGAAGGACCATG	CAAACTCAAGAAGGACCATG	0.8361854113311519
CATCACCTGCACCCTCTCCA	CATCACCTTCACCCTCTCCA	0.8264124810147933
GTAGTGACAAGTATTGGCCA	GTAGTGACAAGTGTTGGCCA	0.9353297640016685
TAACTCGATACGATTAAAAA	TAACTCGATACGATTAACAA	0.2337483294310605
TATCGTTGGGATCTTTCGAA	TTTCGTTGGGATCTTTCGAA	0.9590182349802177
GCGTTCCTGTACTTAACCTT	GCGTTCCTGTACATAACCTT	0.9205279414468133
GTAGTGACAAGTGTTCGCCA	GTAGTGACAAGTGTTGGCCA	0.5103120805088175
CGGTACATAACCTTCGGGCA	CTGTACATAACCTTCGGGCA	1.0126409609021998
CGTTCCTGTAGATAACCTTC	CGTTCCTGTACATAACCTTC	0.9516651993278148
GACTTCAGCACGCGACTTGT	GACTTCAGCACGCGTCTTGT	0.41500127832408606
TTGGAGTATTTAGTTGATAA	TTGGAGTATTTTGTTGATAA	0.16316791934604336
GTCAGAGTAGTGACGAGTGT	GTCAGAGTAGTGACAAGTGT	0.7252716111032682
ATTATGGTCTGCTAGTTGAA	ATAATGGTCTGCTAGTTGAA	0.5992136843344347
